views,uploader,county_code
134,,1001
287,1,1001
1592,1,1003
840,,1003
67,1,1005
55,,1005
16,1,1007
13,,1007
115,1,1009
83,,1009
15,1,1011
13,,1011
21,,1013
38,1,1013
666,1,1015
400,,1015
175,1,1017
96,,1017
79,1,1019
114,,1019
67,1,1021
68,,1021
32,1,1023
19,,1023
35,1,1025
10,,1025
12,1,1027
4,,1027
10,,1029
7,1,1029
347,1,1031
236,,1031
189,1,1033
76,,1033
11,1,1035
11,,1035
1,1,1037
2,,1037
108,1,1039
59,,1039
14,,1041
15,1,1041
314,1,1043
208,,1043
229,,1045
278,1,1045
62,1,1047
41,,1047
278,1,1049
224,,1049
260,,1051
376,1,1051
80,1,1053
90,,1053
201,,1055
344,1,1055
23,1,1057
17,,1057
18,1,1059
21,,1059
34,1,1061
23,,1061
1,1,1063
2,,1063
23,1,1065
9,,1065
8,,1067
4,1,1067
1082,1,1069
529,,1069
136,1,1071
78,,1071
8781,1,1073
2874,,1073
13,1,1075
13,,1075
364,1,1077
172,,1077
34,1,1079
29,,1079
1998,1,1081
662,,1081
346,1,1083
197,,1083
2,,1085
1,1,1085
28,,1087
72,1,1087
1510,,1089
4238,1,1089
34,1,1091
19,,1091
120,1,1093
106,,1093
605,1,1095
393,,1095
855,,1097
1955,1,1097
74,1,1099
60,,1099
2024,1,1101
866,,1101
793,1,1103
396,,1103
13,1,1105
2,,1105
15,1,1107
7,,1107
115,1,1109
67,,1109
21,1,1111
14,,1111
232,1,1113
134,,1113
121,,1115
230,1,1115
1190,1,1117
486,,1117
29,1,1119
6,,1119
246,1,1121
162,,1121
151,1,1123
123,,1123
1851,1,1125
627,,1125
243,1,1127
137,,1127
13,,1129
15,1,1129
4,1,1131
2,,1131
73,,1133
103,1,1133
16,1,2016
5,,2016
1489,,2020
6567,1,2020
56,1,2050
7,,2050
32,1,2068
4,,2068
304,,2090
1059,1,2090
35,1,2100
1834,1,2110
296,,2110
130,,2122
541,1,2122
218,1,2130
42,,2130
188,1,2150
28,,2150
1200,1,2170
484,,2170
20,1,2180
5,,2180
46,1,2185
16,,2185
4,1,2188
184,1,2220
36,,2220
12,,2232
108,1,2232
9,,2240
17,1,2240
136,1,2261
40,,2261
60,1,2280
14,,2280
160,1,4001
35,,4001
898,1,4003
312,,4003
518,,4005
2451,1,4005
304,1,4007
120,,4007
133,1,4009
45,,4009
32,1,4011
15,,4011
76,1,4012
37,,4012
67332,1,4013
21942,,4013
921,,4015
1494,1,4015
692,1,4017
316,,4017
16328,1,4019
4489,,4019
1954,1,4021
823,,4021
230,1,4023
116,,4023
3066,1,4025
1072,,4025
859,1,4027
518,,4027
39,1,5001
16,,5001
19,1,5003
10,,5003
678,1,5005
302,,5005
2303,1,5007
842,,5007
223,1,5009
113,,5009
6,1,5011
5,,5011
10,1,5013
3,,5013
216,1,5015
62,,5015
13,1,5017
13,,5017
168,1,5019
39,,5019
33,1,5021
24,,5021
81,1,5023
58,,5023
87,,5027
85,1,5027
32,1,5029
18,,5029
1265,1,5031
451,,5031
273,1,5033
160,,5033
47,,5035
107,1,5035
56,1,5037
9,,5037
7,1,5039
8,,5039
14,,5041
13,1,5041
68,1,5043
32,,5043
1281,1,5045
468,,5045
175,1,5047
80,,5047
33,1,5049
9,,5049
907,1,5051
346,,5051
195,1,5053
127,,5053
60,,5055
153,1,5055
33,1,5057
26,,5057
35,,5059
51,1,5059
7,1,5061
3,,5061
151,1,5063
51,,5063
9,1,5065
7,,5065
40,1,5067
20,,5067
211,1,5069
101,,5069
102,1,5071
59,,5071
12,1,5075
17,,5075
1,,5077
2,1,5079
2,,5079
34,1,5081
11,,5081
63,1,5083
40,,5083
276,,5085
551,1,5085
40,1,5087
16,,5087
17,,5089
66,1,5089
119,1,5091
88,,5091
120,1,5093
65,,5093
6,,5095
3,1,5097
1,,5099
2,1,5099
99,1,5101
40,,5101
85,1,5103
26,,5103
18,1,5105
3,,5105
42,1,5107
29,,5107
16,1,5109
8,,5109
59,1,5111
55,,5111
24,1,5113
21,,5113
556,1,5115
222,,5115
4254,1,5119
1481,,5119
30,1,5121
10,,5121
26,1,5123
21,,5123
197,,5125
418,1,5125
9,1,5127
5,,5127
4,1,5129
3,,5129
981,1,5131
453,,5131
94,1,5133
83,,5133
14,1,5135
8,,5135
96,1,5137
58,,5137
73,,5139
176,1,5139
65,1,5141
35,,5141
3442,1,5143
942,,5143
177,,5145
292,1,5145
73,1,5149
28,,5149
6415,,6001
32562,1,6001
92,1,6005
27,,6005
2340,1,6007
751,,6007
641,1,6009
290,,6009
148,1,6011
71,,6011
15801,1,6013
3802,,6013
355,1,6015
121,,6015
942,,6017
2981,1,6017
6223,1,6019
2855,,6019
87,1,6021
60,,6021
8021,1,6023
1982,,6023
1044,1,6025
689,,6025
228,1,6027
84,,6027
3386,,6029
8112,1,6029
342,,6031
481,1,6031
595,1,6033
181,,6033
404,1,6035
178,,6035
217519,1,6037
55829,,6037
960,1,6039
422,,6039
7992,1,6041
1239,,6041
1668,1,6043
617,,6043
1633,1,6045
338,,6045
829,,6047
1537,1,6047
843,1,6049
191,,6049
285,1,6051
27,,6051
3960,1,6053
1286,,6053
2163,1,6055
413,,6055
1858,1,6057
353,,6057
41631,1,6059
15209,,6059
5637,1,6061
1913,,6061
43,,6063
174,1,6063
30256,1,6065
11878,,6065
21284,1,6067
6279,,6067
541,1,6069
178,,6069
21562,1,6071
9031,,6071
80559,1,6073
23677,,6073
164412,1,6075
26716,,6075
4381,1,6077
2027,,6077
1492,,6079
6041,1,6079
16338,1,6081
3394,,6081
8663,1,6083
1856,,6083
41619,1,6085
10110,,6085
6415,1,6087
1107,,6087
1774,1,6089
729,,6089
103,,6093
361,1,6093
1128,,6095
3333,1,6095
9051,1,6097
1692,,6097
3760,1,6099
2316,,6099
1171,1,6101
390,,6101
389,1,6103
196,,6103
111,1,6105
16,,6105
1056,,6107
2111,1,6107
416,1,6109
115,,6109
10906,1,6111
3427,,6111
7643,1,6113
1815,,6113
260,1,6115
103,,6115
2840,1,8001
1346,,8001
149,1,8003
61,,8003
8676,1,8005
3610,,8005
284,1,8007
82,,8007
33,1,8011
35,,8011
9540,1,8013
1899,,8013
1272,1,8014
378,,8014
304,1,8015
64,,8015
2,,8017
1,1,8017
19,1,8019
5,,8019
9,,8021
35,1,8021
2,,8025
102,1,8027
30,,8027
271,1,8029
95,,8029
30347,1,8031
8669,,8031
4341,1,8035
1605,,8035
945,1,8037
256,,8037
88,1,8039
18,,8039
7730,1,8041
3622,,8041
96,1,8043
20,,8043
187,,8045
513,1,8045
13,,8047
49,1,8047
200,1,8049
47,,8049
254,1,8051
33,,8051
16,1,8053
10,,8053
14,,8055
25,1,8055
8596,1,8059
2794,,8059
33,1,8063
17,,8063
116,1,8065
64,,8065
1172,1,8067
237,,8067
5133,1,8069
1622,,8069
41,1,8071
18,,8071
9,,8073
34,1,8073
73,1,8075
62,,8075
1577,1,8077
736,,8077
3,1,8079
1,,8079
84,1,8081
86,,8081
167,1,8083
61,,8083
213,,8085
403,1,8085
375,1,8087
317,,8087
124,1,8089
130,,8089
38,1,8091
5,,8091
35,1,8093
5,,8093
19,,8095
20,1,8095
610,1,8097
88,,8097
108,1,8099
69,,8099
417,,8101
846,1,8101
54,,8103
20,1,8103
47,1,8105
17,,8105
328,1,8107
56,,8107
57,1,8109
18,,8109
159,1,8113
33,,8113
3,1,8115
3,,8115
157,,8117
522,1,8117
246,1,8119
102,,8119
2340,1,8123
1184,,8123
1,,8125
23435,1,9001
6401,,9001
13382,1,9003
3792,,9003
1224,,9005
3829,1,9005
2548,1,9007
607,,9007
3931,,9009
15379,1,9009
3971,1,9011
1096,,9011
2845,1,9013
931,,9013
457,,9015
1446,1,9015
985,1,10001
435,,10001
8716,1,10003
3469,,10003
2004,1,10005
614,,10005
6747,1,12001
2688,,12001
86,1,12003
82,,12003
1661,1,12005
1033,,12005
64,1,12007
69,,12007
7478,1,12009
4402,,12009
17901,1,12011
10879,,12011
139,1,12013
101,,12013
1130,1,12015
696,,12015
1387,1,12017
889,,12017
954,1,12019
592,,12019
3027,1,12021
2255,,12021
208,1,12023
196,,12023
106,1,12027
71,,12027
53,1,12029
36,,12029
7479,1,12031
4318,,12031
2893,1,12033
2013,,12033
1507,1,12035
1138,,12035
115,1,12037
61,,12037
290,1,12039
126,,12039
8,,12041
25,1,12041
3,,12043
5,1,12043
36,1,12045
15,,12045
5,1,12047
2,,12047
102,1,12049
75,,12049
134,1,12051
126,,12051
1899,1,12053
1312,,12053
400,1,12055
284,,12055
21868,1,12057
11533,,12057
33,1,12059
46,,12059
931,1,12061
519,,12061
73,,12063
82,1,12063
16,1,12065
2,,12065
1,,12067
4332,1,12069
2894,,12069
7877,1,12071
4848,,12071
5794,1,12073
1784,,12073
55,,12075
76,1,12075
4,,12077
2,1,12077
34,1,12079
9,,12079
2436,,12081
4553,1,12081
1831,,12083
2777,1,12083
1023,1,12085
600,,12085
40993,1,12086
27800,,12086
916,1,12087
395,,12087
386,1,12089
186,,12089
2104,1,12091
1361,,12091
128,1,12093
75,,12093
20444,,12095
37550,1,12095
4048,1,12097
3485,,12097
13147,1,12099
7272,,12099
5525,1,12101
3504,,12101
17138,1,12103
7379,,12103
7162,1,12105
5120,,12105
217,1,12107
197,,12107
3267,1,12109
1709,,12109
4671,1,12111
3305,,12111
2887,1,12113
1865,,12113
3441,,12115
8047,1,12115
4646,,12117
8769,1,12117
1333,1,12119
785,,12119
167,1,12121
122,,12121
75,,12123
81,1,12123
441,,12125
803,1,12125
6863,1,12127
3729,,12127
111,1,12129
78,,12129
499,1,12131
318,,12131
59,1,12133
53,,12133
39,1,13001
32,,13001
28,1,13003
27,,13003
50,,13005
42,1,13005
546,1,13009
250,,13009
42,1,13011
19,,13011
470,1,13013
335,,13013
440,1,13015
273,,13015
105,1,13017
68,,13017
28,1,13019
11,,13019
1055,1,13021
453,,13021
39,1,13023
19,,13023
37,1,13025
21,,13025
11,,13027
8,1,13027
239,1,13029
117,,13029
834,1,13031
327,,13031
6,,13033
20,1,13033
58,1,13035
63,,13035
186,,13039
373,1,13039
51,1,13043
29,,13043
798,1,13045
378,,13045
379,1,13047
202,,13047
6,1,13049
22,,13049
2669,1,13051
822,,13051
152,1,13053
61,,13053
77,1,13055
62,,13055
2392,1,13057
902,,13057
4107,1,13059
931,,13059
756,1,13063
457,,13063
7,,13065
1,1,13065
7485,1,13067
2524,,13067
161,,13069
207,1,13069
120,,13071
180,1,13071
444,,13073
997,1,13073
23,1,13075
33,,13075
860,1,13077
478,,13077
10,1,13079
6,,13079
64,1,13081
44,,13081
90,1,13083
39,,13083
105,,13085
243,1,13085
109,1,13087
33,,13087
8191,1,13089
1767,,13089
18,1,13091
15,,13091
10,,13093
20,1,13093
725,1,13095
390,,13095
628,1,13097
253,,13097
5,,13099
6,1,13099
166,1,13103
95,,13103
42,1,13105
26,,13105
42,,13107
49,1,13107
6,1,13109
3,,13109
357,1,13111
114,,13111
1370,1,13113
494,,13113
256,,13115
449,1,13115
1263,1,13117
620,,13117
85,1,13119
56,,13119
18189,,13121
61673,1,13121
289,1,13123
135,,13123
1,,13125
454,1,13127
197,,13127
260,1,13129
183,,13129
30,,13131
52,1,13131
128,1,13133
61,,13133
7782,1,13135
3538,,13135
107,1,13137
73,,13137
1406,1,13139
753,,13139
1,,13141
63,1,13143
38,,13143
43,1,13145
17,,13145
149,1,13147
87,,13147
6,,13149
14,1,13149
1365,1,13151
908,,13151
1236,1,13153
718,,13153
3,,13155
1,1,13155
784,1,13157
448,,13157
23,1,13159
15,,13159
15,1,13161
22,,13161
11,1,13163
15,,13163
2,1,13165
3,,13165
13,1,13167
3,,13167
160,1,13169
110,,13169
49,1,13171
19,,13171
11,1,13173
6,,13173
134,1,13175
99,,13175
28,1,13177
13,,13177
303,1,13179
146,,13179
20,1,13181
17,,13181
3,1,13183
553,1,13185
295,,13185
1228,1,13187
640,,13187
41,1,13189
19,,13189
21,,13191
35,1,13191
4,1,13193
8,,13193
22,1,13195
13,,13195
14,1,13197
7,,13197
14,,13199
11,1,13199
14,1,13201
5,,13201
30,1,13205
16,,13205
75,1,13207
41,,13207
49,1,13211
33,,13211
150,1,13213
108,,13213
1688,1,13215
796,,13215
524,1,13217
290,,13217
130,1,13219
32,,13219
1,1,13221
7,,13221
292,1,13223
138,,13223
108,1,13225
73,,13225
235,1,13227
127,,13227
23,,13229
51,1,13229
13,,13231
16,1,13231
185,1,13233
110,,13233
23,1,13235
14,,13235
20,1,13237
12,,13237
24,1,13239
8,,13239
25,1,13241
31,,13241
8,1,13243
6,,13243
1225,1,13245
569,,13245
392,1,13247
186,,13247
2,1,13249
3,,13249
37,1,13251
29,,13251
10,1,13253
13,,13253
199,1,13255
125,,13255
23,,13257
53,1,13257
3,1,13259
1,,13259
75,1,13261
30,,13261
44,1,13267
22,,13267
12,1,13269
24,,13269
3,1,13271
7,,13271
3,1,13273
2,,13273
327,1,13275
160,,13275
183,1,13277
184,,13277
91,1,13279
49,,13279
100,1,13281
36,,13281
5,,13283
10,1,13283
359,1,13285
189,,13285
6,1,13287
8,1,13289
83,1,13291
16,,13291
103,,13293
190,1,13293
216,1,13295
112,,13295
340,1,13297
243,,13297
89,,13299
153,1,13299
6,1,13301
2,,13301
19,1,13303
4,,13303
59,1,13305
28,,13305
1,1,13309
1,,13309
223,1,13311
108,,13311
691,,13313
1096,1,13313
1,1,13315
37,1,13317
24,,13317
2,,13321
5,1,13321
2467,1,15001
634,,15001
11787,1,15003
3828,,15003
1016,1,15007
210,,15007
660,,15009
2531,1,15009
11624,1,16001
2927,,16001
1,1,16003
1,,16003
773,1,16005
204,,16005
24,1,16007
4,,16007
23,1,16009
13,,16009
153,1,16011
67,,16011
516,1,16013
83,,16013
3,1,16015
1,,16015
256,1,16017
75,,16017
868,1,16019
304,,16019
29,1,16021
28,,16021
9,1,16023
11,,16023
1738,1,16027
706,,16027
18,1,16029
10,,16029
57,1,16031
24,,16031
15,1,16035
14,,16035
10,,16037
59,1,16037
84,1,16039
40,,16039
51,1,16041
36,,16041
71,1,16043
30,,16043
66,1,16045
24,,16045
15,1,16047
10,,16047
3,,16049
23,1,16049
74,1,16051
37,,16051
76,1,16053
37,,16053
2151,1,16055
814,,16055
963,1,16057
205,,16057
39,1,16059
4,,16059
1,1,16061
1,,16061
481,1,16065
239,,16065
71,1,16067
57,,16067
558,1,16069
173,,16069
14,,16071
19,1,16071
71,1,16073
48,,16073
104,1,16075
62,,16075
1,,16077
11,1,16077
51,1,16079
14,,16079
314,1,16081
43,,16081
490,1,16083
232,,16083
62,,16085
282,1,16085
32,1,16087
11,,16087
420,1,17001
179,,17001
1,,17003
34,1,17005
12,,17005
434,1,17007
151,,17007
97,,17009
342,1,17009
95,1,17011
19,,17011
66,1,17015
34,,17015
69,1,17017
39,,17017
4632,1,17019
1159,,17019
128,1,17021
46,,17021
23,1,17023
8,,17023
39,1,17025
31,,17025
46,1,17027
26,,17027
316,,17029
996,1,17029
144500,1,17031
44047,,17031
8,1,17033
9,,17033
18,1,17035
6,,17035
2678,1,17037
805,,17037
151,1,17039
77,,17039
47,1,17041
29,,17041
13163,1,17043
4309,,17043
90,1,17045
85,,17045
403,,17047
945,1,17047
71,,17049
162,1,17049
40,1,17051
13,,17051
33,1,17053
7,,17053
120,1,17055
27,,17055
51,1,17057
16,,17057
24,,17061
37,1,17061
343,1,17063
154,,17063
15,,17065
26,1,17065
21,1,17067
12,,17067
6,1,17069
3,,17069
1,1,17071
290,1,17073
112,,17073
39,1,17075
10,,17075
751,1,17077
248,,17077
10,1,17079
8,,17079
213,1,17081
95,,17081
133,1,17083
34,,17083
195,1,17085
46,,17085
2,1,17087
2,,17087
5703,1,17089
1941,,17089
456,1,17091
225,,17091
671,1,17093
209,,17093
442,1,17095
173,,17095
9023,1,17097
2556,,17097
551,1,17099
272,,17099
27,1,17101
22,,17101
112,,17103
231,1,17103
103,1,17105
61,,17105
667,1,17107
425,,17107
344,1,17109
137,,17109
2994,1,17111
1225,,17111
1032,,17113
3452,1,17113
559,1,17115
200,,17115
341,1,17117
97,,17117
996,,17119
3077,1,17119
144,1,17121
69,,17121
2,,17123
6,1,17123
48,1,17125
22,,17125
20,1,17127
8,,17127
20,1,17129
8,,17129
85,1,17131
18,,17131
423,1,17133
169,,17133
60,1,17135
25,,17135
185,1,17137
83,,17137
52,1,17139
18,,17139
891,1,17141
258,,17141
1686,1,17143
513,,17143
56,1,17145
20,,17145
109,1,17147
39,,17147
30,,17149
25,1,17149
58,1,17157
45,,17157
68,1,17159
45,,17159
439,,17161
1480,1,17161
585,,17163
1949,1,17163
58,1,17165
19,,17165
1812,1,17167
488,,17167
75,,17169
216,1,17169
3,,17171
1,1,17171
33,1,17173
16,,17173
5,1,17175
3,,17175
90,,17177
288,1,17177
1141,1,17179
357,,17179
17,1,17181
13,,17181
197,1,17183
86,,17183
78,1,17185
44,,17185
72,1,17187
33,,17187
33,1,17189
11,,17189
57,1,17191
31,,17191
21,1,17193
11,,17193
264,1,17195
125,,17195
4135,1,17197
1612,,17197
1053,1,17199
473,,17199
2285,1,17201
813,,17201
399,1,17203
118,,17203
186,1,18001
98,,18001
3745,1,18003
1346,,18003
302,,18005
650,1,18005
5,1,18007
6,,18007
11,,18009
34,1,18009
928,1,18011
345,,18011
34,1,18013
8,,18013
53,1,18015
29,,18015
296,1,18017
111,,18017
839,1,18019
330,,18019
145,1,18021
84,,18021
61,1,18023
39,,18023
12,1,18025
2,,18025
129,1,18027
88,,18027
370,1,18029
201,,18029
155,1,18031
42,,18031
234,1,18033
176,,18033
1066,1,18035
329,,18035
100,,18037
240,1,18037
1908,1,18039
874,,18039
89,1,18041
66,,18041
806,1,18043
253,,18043
27,1,18045
16,,18045
18,1,18047
9,,18047
58,,18049
83,1,18049
82,1,18051
39,,18051
439,1,18053
198,,18053
58,1,18055
36,,18055
1475,,18057
4256,1,18057
592,1,18059
278,,18059
120,1,18061
46,,18061
1094,1,18063
429,,18063
163,1,18065
114,,18065
456,1,18067
196,,18067
147,1,18069
68,,18069
135,1,18071
64,,18071
146,1,18073
76,,18073
30,,18075
57,1,18075
286,1,18077
111,,18077
55,1,18079
32,,18079
773,,18081
1402,1,18081
137,,18083
175,1,18083
607,1,18085
266,,18085
154,1,18087
55,,18087
2751,1,18089
1009,,18089
537,1,18091
165,,18091
133,1,18093
79,,18093
517,1,18095
231,,18095
11621,1,18097
3405,,18097
173,,18099
265,1,18099
9,1,18101
2,,18101
122,1,18103
56,,18103
3917,1,18105
720,,18105
228,1,18107
100,,18107
240,1,18109
152,,18109
26,,18111
57,1,18111
253,1,18113
127,,18113
26,1,18115
6,,18115
76,1,18117
61,,18117
43,1,18119
9,,18119
13,1,18121
8,,18121
20,,18123
67,1,18123
12,1,18125
5,,18125
2043,1,18127
651,,18127
73,1,18129
14,,18129
44,1,18131
18,,18131
274,1,18133
67,,18133
26,1,18135
19,,18135
96,,18137
175,1,18137
12,1,18139
14,,18139
3559,1,18141
999,,18141
63,1,18143
41,,18143
232,,18145
489,1,18145
29,,18147
76,1,18147
72,,18149
113,1,18149
304,1,18151
154,,18151
3,,18153
19,1,18153
6,1,18155
4,,18155
3246,1,18157
870,,18157
33,,18159
89,1,18159
23,1,18161
29,,18161
1921,1,18163
577,,18163
228,1,18165
90,,18165
908,1,18167
361,,18167
80,1,18169
43,,18169
498,1,18173
221,,18173
280,1,18175
90,,18175
180,,18177
484,1,18177
125,1,18179
46,,18179
110,1,18181
44,,18181
279,1,18183
131,,18183
15,1,19001
8,,19001
10,1,19003
3,,19003
38,1,19005
3,,19005
27,,19007
68,1,19007
25,1,19009
8,,19009
242,1,19011
66,,19011
2582,1,19013
543,,19013
230,1,19015
54,,19015
353,1,19017
80,,19017
186,1,19019
55,,19019
268,1,19021
167,,19021
16,,19023
163,1,19023
28,1,19025
7,,19025
122,1,19027
63,,19027
103,1,19029
30,,19029
284,1,19031
50,,19031
589,1,19033
419,,19033
57,1,19035
24,,19035
107,1,19037
26,,19037
78,1,19039
21,,19039
176,1,19041
50,,19041
239,1,19043
67,,19043
648,1,19045
203,,19045
116,1,19047
84,,19047
604,1,19049
162,,19049
54,1,19051
17,,19051
62,1,19053
16,,19053
99,1,19055
39,,19055
617,1,19057
191,,19057
297,1,19059
78,,19059
1900,1,19061
539,,19061
70,1,19063
17,,19063
41,,19065
109,1,19065
278,1,19067
113,,19067
64,1,19069
15,,19069
8,,19071
29,1,19071
82,1,19073
23,,19073
95,1,19075
7,,19075
24,,19077
107,1,19077
92,1,19079
34,,19079
228,1,19081
51,,19081
88,1,19083
33,,19083
40,,19085
82,1,19085
218,,19087
191,1,19087
14,,19089
73,1,19089
10,,19091
23,1,19091
18,1,19093
2,,19093
238,1,19095
70,,19095
159,1,19097
39,,19097
439,1,19099
109,,19099
492,1,19101
101,,19101
6024,1,19103
1162,,19103
123,1,19105
28,,19105
22,,19107
38,1,19107
27,,19109
107,1,19109
151,1,19111
30,,19111
5506,1,19113
1435,,19113
61,1,19115
23,,19115
47,1,19117
39,,19117
50,1,19119
20,,19119
64,1,19121
20,,19121
329,1,19123
80,,19123
188,,19125
547,1,19125
173,,19127
507,1,19127
97,1,19129
56,,19129
214,1,19131
48,,19131
32,1,19133
18,,19133
62,1,19135
26,,19135
82,1,19137
18,,19137
157,,19139
630,1,19139
150,1,19141
37,,19141
93,1,19143
20,,19143
133,1,19145
38,,19145
77,1,19147
11,,19147
194,1,19149
73,,19149
18,1,19151
11,,19151
13990,1,19153
4109,,19153
978,1,19155
395,,19155
59,,19157
342,1,19157
8,1,19159
57,1,19161
27,,19161
3916,1,19163
1021,,19163
64,1,19165
26,,19165
834,1,19167
296,,19167
2388,1,19169
565,,19169
111,1,19171
46,,19171
8,1,19173
2,,19173
189,1,19175
67,,19175
87,1,19177
20,,19177
149,,19179
350,1,19179
330,1,19181
67,,19181
317,1,19183
57,,19183
20,1,19185
13,,19185
173,,19187
734,1,19187
70,1,19189
10,,19189
420,1,19191
63,,19191
769,,19193
2106,1,19193
4,,19195
20,1,19195
33,1,19197
11,,19197
38,1,20001
31,,20001
28,1,20003
14,,20003
165,1,20005
54,,20005
26,1,20007
19,,20007
218,1,20009
92,,20009
49,1,20011
28,,20011
83,1,20013
42,,20013
124,,20015
353,1,20015
2,1,20019
54,1,20021
42,,20021
1,1,20025
26,1,20027
21,,20027
42,1,20029
12,,20029
12,,20031
23,1,20031
182,1,20035
64,,20035
365,1,20037
129,,20037
71,1,20041
30,,20041
2,,20043
3900,1,20045
1777,,20045
554,1,20051
227,,20051
20,1,20053
12,,20053
97,,20055
148,1,20055
101,,20057
284,1,20057
46,,20059
116,1,20059
192,1,20061
68,,20061
29,1,20067
18,,20067
13,1,20069
5,,20069
1,1,20075
1,,20077
291,1,20079
77,,20079
61,1,20085
24,,20085
13,1,20087
4,,20087
8632,1,20091
2243,,20091
9,1,20095
1,,20095
47,1,20099
29,,20099
566,1,20103
200,,20103
56,1,20107
35,,20107
35,1,20109
16,,20109
171,,20111
497,1,20111
217,1,20113
66,,20113
43,1,20115
16,,20115
37,1,20117
23,,20117
56,,20121
119,1,20121
33,1,20123
24,,20123
252,1,20125
127,,20125
10,,20127
25,1,20127
8,1,20129
2,,20129
19,1,20131
11,,20131
80,1,20133
27,,20133
24,1,20135
26,,20135
16,1,20137
11,,20137
21,1,20139
30,,20139
4,1,20143
3,,20143
5,1,20145
5,,20145
24,1,20147
20,,20147
128,1,20149
57,,20149
72,1,20151
28,,20151
380,1,20155
131,,20155
12,1,20157
8,,20157
25,1,20159
9,,20159
1488,1,20161
502,,20161
51,1,20167
24,,20167
426,1,20169
125,,20169
16,1,20171
17,,20171
4962,1,20173
1613,,20173
102,1,20175
48,,20175
1793,1,20177
505,,20177
6,,20181
25,1,20181
1,1,20183
2,,20183
66,1,20189
26,,20189
46,1,20191
31,,20191
43,1,20193
18,,20193
6,1,20195
3,,20195
1,1,20197
1,,20201
6,,20205
19,1,20205
1092,1,20209
468,,20209
49,1,21001
18,,21001
50,1,21003
43,,21003
121,1,21005
43,,21005
29,1,21007
10,,21007
304,1,21009
163,,21009
1,,21011
1,1,21011
111,1,21013
43,,21013
1708,1,21015
805,,21015
55,1,21017
24,,21017
472,1,21019
230,,21019
100,,21021
341,1,21021
10,1,21023
2,,21023
11,1,21025
12,,21025
12,1,21027
8,,21027
368,1,21029
162,,21029
29,1,21031
5,,21031
38,1,21033
26,,21033
403,1,21035
125,,21035
438,,21037
1177,1,21037
37,1,21041
21,,21041
29,,21043
59,1,21043
8,1,21045
3,,21045
322,1,21047
146,,21047
233,1,21049
241,,21049
70,,21051
101,1,21051
7,,21053
10,1,21053
4,1,21055
9,,21055
24,1,21057
16,,21057
669,1,21059
331,,21059
2,,21061
24,1,21065
32,,21065
4982,1,21067
1223,,21067
21,1,21069
11,,21069
139,,21071
202,1,21071
743,1,21073
225,,21073
17,1,21077
4,,21077
13,1,21079
88,1,21081
60,,21081
152,1,21083
83,,21083
33,1,21085
11,,21085
1,1,21087
49,1,21089
35,,21089
8,,21091
18,1,21091
1143,1,21093
569,,21093
59,1,21095
58,,21095
40,1,21097
24,,21097
22,,21099
20,1,21099
220,1,21101
102,,21101
3,1,21103
199,1,21107
85,,21107
32,1,21109
51,,21109
2739,,21111
10512,1,21111
1237,1,21113
475,,21113
92,1,21115
48,,21115
1778,1,21117
812,,21117
34,,21119
68,1,21119
256,1,21121
214,,21121
5,,21123
12,1,21123
264,,21125
498,1,21125
62,1,21127
44,,21127
4,1,21129
22,,21129
74,1,21131
49,,21131
62,,21133
76,1,21133
47,1,21137
27,,21137
3,1,21139
2,,21139
119,1,21141
67,,21141
11,1,21143
9,,21143
366,1,21145
129,,21145
47,1,21147
56,,21147
6,1,21149
3,,21149
971,1,21151
290,,21151
93,1,21153
72,,21153
33,1,21155
10,,21155
87,1,21157
52,,21157
47,1,21159
109,,21159
123,1,21161
38,,21161
83,1,21163
42,,21163
89,1,21167
36,,21167
16,,21169
22,1,21169
9,,21171
11,1,21171
107,1,21173
76,,21173
151,1,21175
106,,21175
37,,21177
55,1,21177
267,1,21179
127,,21179
2,,21181
7,,21183
22,1,21183
346,1,21185
132,,21185
45,1,21187
18,,21187
24,1,21189
11,,21189
16,1,21191
4,,21191
70,1,21193
38,,21193
230,1,21195
178,,21195
21,1,21197
7,,21197
209,1,21199
102,,21199
81,1,21203
34,,21203
262,1,21205
67,,21205
59,,21207
102,1,21207
117,,21209
428,1,21209
269,1,21211
117,,21211
110,1,21213
587,,21213
42,1,21215
35,,21215
137,1,21217
44,,21217
5,1,21219
57,1,21221
25,,21221
10,1,21223
1,,21223
29,1,21225
15,,21225
1266,1,21227
421,,21227
9,,21229
8,1,21229
27,1,21231
26,,21231
203,1,21235
173,,21235
3,1,21237
4,,21237
154,1,21239
48,,21239
66,,22001
105,1,22001
28,1,22003
19,,22003
735,1,22005
456,,22005
28,1,22007
13,,22007
55,1,22009
31,,22009
186,1,22011
153,,22011
20,1,22013
25,,22013
354,,22015
559,1,22015
1031,1,22017
456,,22017
531,,22019
947,1,22019
3,1,22027
2,,22027
22,1,22029
20,,22029
6,1,22031
16,,22031
3876,1,22033
1331,,22033
6,1,22035
11,,22035
5,1,22037
1,,22037
91,1,22039
105,,22039
14,1,22041
8,,22041
9,1,22043
20,,22043
216,1,22045
171,,22045
105,1,22047
88,,22047
9,,22049
7,1,22049
1078,,22051
2556,1,22051
53,1,22053
57,,22053
1979,1,22055
1014,,22055
375,1,22057
265,,22057
18,1,22059
5,,22059
381,1,22061
129,,22061
298,1,22063
193,,22063
9,1,22065
4,,22065
44,1,22067
46,,22067
167,1,22069
75,,22069
1605,,22071
8728,1,22071
477,1,22073
288,,22073
104,1,22075
73,,22075
42,1,22077
28,,22077
671,1,22079
344,,22079
8,1,22081
3,,22081
18,1,22083
16,,22083
4,1,22085
3,,22085
132,1,22087
81,,22087
229,1,22089
117,,22089
11,1,22093
9,,22093
138,1,22095
90,,22095
309,1,22097
240,,22097
116,1,22099
104,,22099
138,1,22101
124,,22101
1996,1,22103
906,,22103
595,1,22105
312,,22105
313,1,22109
232,,22109
8,1,22111
10,,22111
108,1,22113
119,,22113
136,,22115
197,1,22115
76,1,22117
55,,22117
76,1,22119
61,,22119
48,1,22121
36,,22121
8,1,22123
2,,22123
20,1,22125
18,,22125
15,1,22127
8,,22127
2150,1,23001
732,,23001
554,1,23003
227,,23003
12424,1,23005
2077,,23005
403,1,23007
140,,23007
264,,23009
1760,1,23009
2728,1,23011
567,,23011
148,,23013
1238,1,23013
870,1,23015
133,,23015
725,1,23017
219,,23017
2669,1,23019
755,,23019
95,1,23021
31,,23021
502,1,23023
79,,23023
379,1,23025
107,,23025
726,1,23027
125,,23027
60,,23029
275,1,23029
3770,1,23031
1050,,23031
461,,24001
731,1,24001
8951,1,24003
2330,,24003
22153,1,24005
5771,,24005
630,1,24009
231,,24009
116,1,24011
83,,24011
1154,1,24013
410,,24013
757,1,24015
333,,24015
1101,1,24017
391,,24017
113,1,24019
29,,24019
2736,1,24021
756,,24021
163,1,24023
59,,24023
2551,1,24025
896,,24025
8352,1,24027
1872,,24027
217,1,24029
43,,24029
32597,1,24031
5550,,24031
3194,,24033
11802,1,24033
864,1,24035
233,,24035
1196,1,24037
365,,24037
60,1,24039
41,,24039
87,,24041
387,1,24041
694,,24043
1357,1,24043
262,,24045
925,1,24045
671,1,24047
192,,24047
4973,1,25001
800,,25001
4010,1,25003
562,,25003
5089,1,25005
1596,,25005
647,1,25007
49,,25007
12913,1,25009
3113,,25009
1160,1,25011
249,,25011
1804,,25013
6782,1,25013
5555,1,25015
767,,25015
54228,1,25017
9198,,25017
343,1,25019
76,,25019
15327,1,25021
2971,,25021
7008,1,25023
2012,,25023
45690,1,25025
10032,,25025
3577,,25027
13124,1,25027
2,1,26001
1,,26001
169,1,26003
38,,26003
864,1,26005
236,,26005
309,1,26007
81,,26007
31,,26009
137,1,26009
20,1,26011
5,,26011
32,1,26013
7,,26013
349,1,26015
123,,26015
1073,1,26017
318,,26017
128,1,26019
26,,26019
1141,1,26021
421,,26021
286,1,26023
143,,26023
801,1,26025
297,,26025
226,1,26027
95,,26027
74,,26029
402,1,26029
118,1,26031
31,,26031
210,,26033
592,1,26033
105,1,26035
38,,26035
527,1,26037
163,,26037
45,1,26039
24,,26039
88,,26041
243,1,26041
251,1,26043
69,,26043
954,1,26045
289,,26045
597,1,26047
135,,26047
1942,1,26049
835,,26049
37,1,26051
12,,26051
168,1,26053
50,,26053
374,,26055
1632,1,26055
216,1,26057
81,,26057
144,1,26059
70,,26059
770,1,26061
212,,26061
31,,26063
96,1,26063
5766,1,26065
1333,,26065
304,1,26067
103,,26067
114,,26069
229,1,26069
992,1,26071
262,,26071
1164,1,26073
307,,26073
381,,26075
1046,1,26075
3870,1,26077
852,,26077
35,,26079
74,1,26079
8664,1,26081
2446,,26081
4,1,26083
2,,26083
5,1,26085
3,,26085
460,1,26087
286,,26087
371,1,26089
99,,26089
559,1,26091
254,,26091
1876,1,26093
604,,26093
8,1,26095
67,1,26097
9,,26097
7162,1,26099
3051,,26099
70,,26101
270,1,26101
815,,26103
1607,1,26103
332,1,26105
82,,26105
372,1,26107
128,,26107
31,1,26109
26,,26109
1138,1,26111
351,,26111
8,,26113
12,1,26113
1222,1,26115
583,,26115
405,1,26117
203,,26117
47,,26119
69,1,26119
1307,1,26121
526,,26121
669,,26123
2078,1,26123
17648,1,26125
5113,,26125
56,1,26127
28,,26127
53,1,26129
9,,26129
57,1,26133
17,,26133
27,,26135
34,1,26135
289,1,26137
110,,26137
4227,1,26139
1251,,26139
5,,26141
10,1,26141
259,1,26143
119,,26143
1532,1,26145
687,,26145
1168,1,26147
423,,26147
176,,26149
464,1,26149
194,1,26151
111,,26151
20,1,26153
4,,26153
677,1,26155
253,,26155
315,1,26157
195,,26157
164,,26159
537,1,26159
24851,1,26161
6156,,26161
26976,,26163
44494,1,26163
253,1,26165
117,,26165
12,1,27001
6,,27001
3765,1,27003
953,,27003
270,1,27005
91,,27005
495,1,27007
149,,27007
77,1,27009
32,,27009
1823,1,27013
438,,27013
262,1,27015
112,,27015
561,1,27017
109,,27017
1611,1,27019
345,,27019
75,,27021
223,1,27021
121,1,27023
37,,27023
618,1,27025
184,,27025
660,1,27027
174,,27027
24,1,27029
9,,27029
211,1,27031
11,,27031
35,1,27033
19,,27033
940,1,27035
251,,27035
8098,1,27037
1722,,27037
135,1,27039
57,,27039
304,1,27041
82,,27041
85,1,27043
52,,27043
80,,27045
195,1,27045
41,,27047
131,1,27047
519,1,27049
179,,27049
55,1,27051
15,,27051
42550,1,27053
7227,,27053
211,1,27055
40,,27055
138,1,27057
31,,27057
101,1,27059
28,,27059
283,1,27061
87,,27061
84,1,27063
25,,27063
22,1,27065
8,,27065
398,1,27067
147,,27067
35,1,27069
4,,27069
86,1,27071
74,,27071
15,1,27073
10,,27073
135,1,27075
27,,27075
10,1,27077
152,1,27079
59,,27079
35,1,27081
8,,27081
223,1,27083
79,,27083
332,1,27085
118,,27085
14,1,27087
2,,27087
90,1,27091
39,,27091
48,1,27093
56,,27093
132,1,27095
43,,27095
18,,27097
84,1,27097
405,1,27099
277,,27099
162,1,27103
52,,27103
105,1,27105
60,,27105
1,1,27107
3929,1,27109
962,,27109
611,1,27111
170,,27111
145,1,27113
49,,27113
75,1,27115
32,,27115
4,,27117
30,1,27117
75,1,27119
23,,27119
31,1,27121
14,,27121
2666,,27123
15625,1,27123
2,1,27125
2,,27125
28,,27127
62,1,27127
20,1,27129
5,,27129
964,1,27131
250,,27131
63,1,27133
18,,27133
61,1,27135
33,,27135
3982,1,27137
881,,27137
2150,1,27139
695,,27139
1000,1,27141
343,,27141
20,1,27143
15,,27143
2871,1,27145
915,,27145
498,1,27147
138,,27147
215,1,27149
69,,27149
16,1,27151
6,,27151
96,1,27153
36,,27153
190,1,27157
52,,27157
33,,27159
108,1,27159
68,1,27161
30,,27161
2730,1,27163
573,,27163
49,1,27165
14,,27165
2,,27167
840,1,27169
241,,27169
1340,1,27171
395,,27171
5,1,27173
1,,27173
60,,28001
129,1,28001
66,,28003
128,1,28003
1,1,28005
17,,28007
37,1,28007
2,1,28009
68,1,28011
54,,28011
26,1,28013
20,,28013
2,1,28017
2,,28017
21,1,28019
9,,28019
8,1,28021
1,,28021
4,1,28023
28,1,28025
15,,28025
60,1,28027
29,,28027
29,1,28029
15,,28029
5,1,28031
3,,28031
762,1,28033
416,,28033
1495,1,28035
769,,28035
28,1,28037
14,,28037
25,1,28039
17,,28039
12,1,28041
15,,28041
47,1,28043
52,,28043
170,1,28045
113,,28045
1170,1,28047
768,,28047
1595,1,28049
763,,28049
17,1,28051
12,,28051
9,1,28053
2,,28053
32,,28057
53,1,28057
649,1,28059
352,,28059
3,1,28065
1,,28065
119,1,28067
91,,28067
2,,28069
840,1,28071
247,,28071
3,1,28073
194,1,28075
141,,28075
11,1,28079
11,,28079
277,1,28081
174,,28081
97,1,28083
55,,28083
34,,28085
62,1,28085
325,1,28087
113,,28087
641,1,28089
299,,28089
22,1,28091
15,,28091
22,1,28093
12,,28093
26,,28095
32,1,28095
16,,28097
23,1,28097
43,,28099
59,1,28099
18,1,28101
7,,28101
714,1,28105
280,,28105
26,1,28107
27,,28107
162,1,28109
94,,28109
2,1,28111
3,,28111
93,1,28113
45,,28113
15,1,28115
21,,28115
82,1,28117
62,,28117
13,1,28119
8,,28119
287,,28121
501,1,28121
22,1,28123
23,,28123
25,1,28127
22,,28127
28,1,28131
14,,28131
16,1,28133
13,,28133
1,1,28135
1,,28135
40,1,28137
30,,28137
26,,28139
39,1,28139
17,1,28141
24,,28141
8,1,28143
93,1,28145
40,,28145
2,1,28147
138,1,28149
96,,28149
120,1,28151
62,,28151
15,1,28153
10,,28153
15,1,28159
13,,28159
12,1,28161
5,,28161
39,1,28163
26,,28163
128,,29001
369,1,29001
42,1,29003
23,,29003
26,1,29005
9,,29005
91,1,29007
57,,29007
44,,29009
70,1,29009
19,1,29011
13,,29011
27,1,29013
14,,29013
27,1,29015
11,,29015
3,1,29017
4,,29017
4989,1,29019
1070,,29019
240,,29021
741,1,29021
156,1,29023
105,,29023
17,1,29025
8,,29025
249,1,29027
98,,29027
420,1,29029
163,,29029
857,1,29031
360,,29031
16,1,29033
4,,29033
1,1,29035
614,1,29037
278,,29037
18,1,29039
10,,29039
2,1,29041
3,,29041
967,1,29043
440,,29043
122,1,29045
51,,29045
950,1,29047
378,,29047
115,,29049
242,1,29049
885,1,29051
305,,29051
80,1,29053
32,,29053
43,1,29055
25,,29055
1,1,29057
10,1,29059
1,,29059
3,,29061
46,1,29065
27,,29065
2,1,29067
7,,29067
112,1,29069
44,,29069
674,1,29071
296,,29071
62,1,29073
31,,29073
8,1,29075
4,,29075
3341,1,29077
1035,,29077
22,,29079
43,1,29079
23,1,29081
17,,29081
52,1,29083
33,,29083
4,1,29085
5,,29085
2,,29087
1,1,29087
31,1,29089
15,,29089
168,1,29091
70,,29091
1,1,29093
5,,29093
9642,1,29095
2483,,29095
859,1,29097
371,,29097
1495,1,29099
619,,29099
190,,29101
494,1,29101
11,1,29103
4,,29103
72,,29105
163,1,29105
123,1,29107
66,,29107
70,1,29109
60,,29109
53,1,29111
37,,29111
215,,29113
299,1,29113
16,1,29115
18,,29115
32,1,29117
51,,29117
56,1,29119
20,,29119
16,,29121
68,1,29121
60,1,29123
29,,29123
247,1,29127
107,,29127
8,,29129
10,1,29129
45,1,29131
24,,29131
95,1,29133
80,,29133
65,1,29135
42,,29135
14,1,29137
5,,29137
19,1,29139
8,,29139
66,,29141
114,1,29141
6,1,29143
5,,29143
269,1,29145
137,,29145
198,1,29147
51,,29147
22,1,29149
6,,29149
18,,29151
31,1,29151
74,,29155
234,1,29155
32,,29157
109,1,29157
247,1,29159
89,,29159
609,1,29161
218,,29161
11,,29163
23,1,29163
94,,29165
325,1,29165
524,1,29167
255,,29167
285,1,29169
131,,29169
10,,29171
10,1,29171
20,1,29173
10,,29173
179,1,29175
86,,29175
54,1,29177
18,,29177
17,1,29179
9,,29179
2,1,29181
2,,29181
4799,1,29183
1751,,29183
10,1,29185
2,,29185
20,1,29186
34,,29186
191,,29187
330,1,29187
31083,1,29189
7320,,29189
110,1,29195
40,,29195
1,1,29197
5,,29197
13,1,29199
9,,29199
200,1,29201
90,,29201
1,1,29203
3,1,29205
61,1,29207
61,,29207
31,1,29209
13,,29209
10,,29211
20,1,29211
790,1,29213
359,,29213
32,,29215
22,1,29215
38,,29217
85,1,29217
32,,29219
73,1,29219
4,,29221
3,1,29221
9,1,29223
4,,29223
81,1,29225
41,,29225
7,,29229
22,1,29229
76,1,30001
21,,30001
16,1,30003
10,,30003
2,1,30007
102,1,30009
5,,30009
827,1,30013
235,,30013
67,1,30017
27,,30017
93,1,30021
31,,30021
88,1,30023
11,,30023
16,1,30025
7,,30025
60,1,30027
17,,30027
1827,1,30029
646,,30029
3800,1,30031
705,,30031
129,1,30035
41,,30035
84,1,30041
32,,30041
34,1,30043
87,,30043
361,1,30047
131,,30047
234,,30049
1540,1,30049
100,1,30053
63,,30053
97,1,30057
39,,30057
4376,1,30063
668,,30063
33,1,30065
20,,30065
336,1,30067
66,,30067
8,1,30071
3,,30071
17,1,30073
5,,30073
23,1,30077
11,,30077
312,1,30081
105,,30081
78,1,30083
44,,30083
37,1,30085
11,,30085
11,,30087
23,1,30087
27,,30089
92,1,30089
470,1,30093
97,,30093
15,1,30095
6,,30095
44,1,30097
15,,30097
19,1,30101
8,,30101
35,1,30105
14,,30105
1,1,30109
1926,1,30111
601,,30111
257,1,31001
100,,31001
2,1,31003
10,1,31011
5,,31011
70,1,31013
21,,31013
531,1,31019
205,,31019
15,1,31021
4,,31021
4,1,31023
111,1,31025
27,,31025
9,1,31027
5,,31027
19,1,31029
2,,31029
32,1,31031
117,,31031
59,1,31033
33,,31033
35,1,31037
3,,31037
10,1,31039
13,,31039
7,,31041
8,1,31041
108,1,31043
36,,31043
48,1,31045
21,,31045
110,1,31047
89,,31047
6,1,31051
10,,31051
275,1,31053
112,,31053
13196,1,31055
3758,,31055
6,1,31059
4,,31059
12,1,31063
1,,31063
13,1,31065
23,,31065
119,1,31067
36,,31067
29,1,31071
7,,31071
367,,31079
689,1,31079
41,,31081
63,1,31081
15,1,31083
4,,31083
1,1,31087
1,,31087
19,1,31089
16,,31089
5,1,31093
6,,31093
20,1,31095
7,,31095
16,1,31097
4,,31097
6,1,31099
4,,31099
13,,31101
44,1,31101
4,1,31105
7187,1,31109
1867,,31109
271,1,31111
79,,31111
188,1,31119
104,,31119
34,1,31121
20,,31121
3,,31123
2,1,31123
1,,31125
9,,31127
11,1,31127
67,1,31131
11,,31131
24,1,31137
10,,31137
61,1,31139
10,,31139
223,1,31141
96,,31141
33,1,31145
18,,31145
33,,31147
22,1,31147
65,1,31151
20,,31151
477,,31153
1643,1,31153
73,1,31155
39,,31155
322,1,31157
134,,31157
50,,31159
125,1,31159
18,1,31167
7,,31167
15,1,31173
17,,31173
10,1,31175
7,,31175
224,1,31177
83,,31177
13,,31179
66,1,31179
24,1,31181
16,,31181
31,,31185
76,1,31185
241,1,32001
134,,32001
38041,1,32003
18220,,32003
772,1,32005
307,,32005
235,,32007
506,1,32007
112,1,32013
72,,32013
11,1,32015
4,,32015
540,1,32019
292,,32019
32,1,32021
1,,32021
478,1,32023
266,,32023
9,,32027
36,1,32027
15858,1,32031
5651,,32031
5,,32033
29,1,32033
857,1,32510
372,,32510
1556,1,33001
3686,,33001
3344,,33003
1181,1,33003
2427,1,33005
6051,,33005
428,1,33007
1291,,33007
4192,,33009
2573,1,33009
8033,1,33011
33194,,33011
6869,,33013
3212,1,33013
6051,1,33015
12542,,33015
8782,,33017
3626,1,33017
636,1,33019
1443,,33019
3700,1,34001
1667,,34001
18388,1,34003
6851,,34003
6087,1,34005
2434,,34005
5460,1,34007
2238,,34007
434,,34009
1120,1,34009
1747,1,34011
714,,34011
14838,1,34013
4321,,34013
1968,,34015
4576,1,34015
13118,1,34017
4033,,34017
2119,1,34019
883,,34019
9682,1,34021
2863,,34021
13801,1,34023
5649,,34023
10326,1,34025
3801,,34025
11986,1,34027
4167,,34027
5763,1,34029
2731,,34029
7026,1,34031
3263,,34031
229,1,34033
99,,34033
7191,1,34035
2220,,34035
3047,1,34037
1486,,34037
9436,1,34039
3113,,34039
2553,1,34041
2227,,34041
14056,1,35001
3169,,35001
129,,35005
269,1,35005
28,1,35006
17,,35006
74,1,35007
27,,35007
113,,35009
293,1,35009
1216,1,35013
345,,35013
211,1,35015
121,,35015
121,1,35017
32,,35017
9,,35019
28,1,35019
103,1,35023
18,,35023
311,1,35025
178,,35025
136,1,35027
47,,35027
449,1,35028
69,,35028
17,,35029
70,1,35029
85,1,35031
41,,35031
16,1,35033
5,,35033
324,1,35035
136,,35035
23,1,35037
5,,35037
1,,35039
83,1,35041
34,,35041
2098,1,35043
482,,35043
428,1,35045
163,,35045
141,1,35047
37,,35047
2400,1,35049
507,,35049
101,1,35051
15,,35051
79,1,35053
21,,35053
378,1,35055
75,,35055
30,1,35057
9,,35057
12,1,35059
4,,35059
54,,35061
126,1,35061
7976,1,36001
1620,,36001
284,1,36003
125,,36003
1058,,36007
3489,1,36007
295,1,36009
116,,36009
714,1,36011
171,,36011
1464,1,36013
400,,36013
431,,36015
903,1,36015
277,,36017
1066,1,36017
1154,1,36019
296,,36019
1884,1,36021
243,,36021
535,1,36023
107,,36023
350,1,36025
77,,36025
6301,1,36027
1686,,36027
24208,1,36029
6195,,36029
537,1,36031
102,,36031
94,,36033
271,1,36033
737,1,36035
233,,36035
392,1,36037
168,,36037
183,,36039
635,1,36039
13,1,36041
7,,36041
487,1,36043
202,,36043
764,1,36045
259,,36045
12,,36049
54,1,36049
650,1,36051
146,,36051
795,1,36053
208,,36053
14870,1,36055
3826,,36055
383,1,36057
159,,36057
23190,1,36059
8758,,36059
292291,1,36061
95521,,36061
2055,1,36063
701,,36063
2457,1,36065
867,,36065
8713,1,36067
2140,,36067
1515,1,36069
341,,36069
1934,,36071
5603,1,36071
285,1,36073
114,,36073
325,,36075
1143,1,36075
813,1,36077
225,,36077
1566,1,36079
497,,36079
2454,1,36083
506,,36083
5618,1,36087
2053,,36087
1099,1,36089
308,,36089
4712,1,36091
1081,,36091
2533,1,36093
581,,36093
144,1,36095
44,,36095
212,1,36097
46,,36097
278,1,36099
96,,36099
579,1,36101
198,,36101
27238,1,36103
10043,,36103
660,1,36105
175,,36105
274,1,36107
109,,36107
5028,1,36109
634,,36109
4222,1,36111
701,,36111
260,,36113
1076,1,36113
401,1,36115
74,,36115
816,1,36117
291,,36117
6545,,36119
25434,1,36119
135,1,36121
42,,36121
203,1,36123
55,,36123
1587,1,37001
815,,37001
106,1,37003
96,,37003
86,1,37005
36,,37005
301,1,37007
97,,37007
128,,37009
334,1,37009
375,1,37011
128,,37011
391,1,37013
268,,37013
16,1,37015
18,,37015
166,1,37017
132,,37017
1681,1,37019
696,,37019
8669,1,37021
1937,,37021
394,,37023
837,1,37023
1782,1,37025
1184,,37025
575,1,37027
412,,37027
69,1,37029
64,,37029
937,1,37031
371,,37031
41,1,37033
68,,37033
1142,,37035
1530,1,37035
708,1,37037
263,,37037
141,1,37039
52,,37039
71,1,37041
59,,37041
56,1,37043
20,,37043
493,1,37045
270,,37045
72,,37047
122,1,37047
613,,37049
1027,1,37049
3042,1,37051
2237,,37051
187,,37053
407,1,37053
926,1,37055
373,,37055
926,1,37057
796,,37057
325,,37059
480,1,37059
200,1,37061
129,,37061
9557,1,37063
2426,,37063
97,,37065
157,1,37065
4575,1,37067
1915,,37067
277,1,37069
172,,37069
954,,37071
1197,1,37071
6,1,37073
7,,37073
9,1,37075
8,,37075
300,1,37077
194,,37077
96,1,37079
104,,37079
6121,1,37081
3174,,37081
215,1,37083
168,,37083
557,1,37085
423,,37085
779,1,37087
361,,37087
614,,37089
1354,1,37089
116,1,37091
64,,37091
218,1,37093
142,,37093
38,1,37095
18,,37095
1008,,37097
1683,1,37097
271,,37099
795,1,37099
1484,1,37101
1020,,37101
6,1,37103
2,,37103
780,1,37105
759,,37105
497,1,37107
332,,37107
630,1,37109
411,,37109
361,1,37111
184,,37111
819,1,37113
339,,37113
128,,37115
286,1,37115
130,1,37117
113,,37117
17666,1,37119
8149,,37119
107,1,37121
39,,37121
81,1,37123
73,,37123
731,1,37125
400,,37125
613,,37127
972,1,37127
3296,1,37129
1214,,37129
25,,37131
36,1,37131
1467,1,37133
1042,,37133
1076,,37135
5759,1,37135
31,,37137
39,1,37137
205,1,37139
151,,37139
278,,37141
466,1,37141
26,1,37143
17,,37143
150,,37145
214,1,37145
5526,1,37147
2504,,37147
132,1,37149
86,,37149
877,1,37151
644,,37151
184,1,37153
180,,37153
410,1,37155
390,,37155
362,1,37157
323,,37157
1335,1,37159
754,,37159
437,1,37161
227,,37161
262,1,37163
194,,37163
133,1,37165
139,,37165
345,1,37167
254,,37167
359,1,37169
249,,37169
855,1,37171
485,,37171
150,1,37173
60,,37173
561,1,37175
166,,37175
6,1,37177
3,,37177
1807,1,37179
985,,37179
201,1,37181
167,,37181
21262,1,37183
8248,,37183
23,,37185
35,1,37185
12,,37187
30,1,37187
437,,37189
1702,1,37189
481,1,37191
448,,37191
590,1,37193
381,,37193
410,,37195
612,1,37195
136,1,37197
103,,37197
240,1,37199
49,,37199
10,1,38001
3,,38001
61,1,38003
24,,38003
15,1,38005
7,,38005
14,,38009
24,1,38009
36,1,38011
17,,38011
1080,1,38015
385,,38015
2730,1,38017
815,,38017
16,1,38019
10,,38019
37,,38021
64,1,38021
17,1,38025
8,,38025
10,1,38027
7,,38027
13,,38031
28,1,38031
2206,1,38035
574,,38035
2,,38043
1,1,38045
1,,38045
119,1,38053
64,,38053
7,1,38055
2,,38055
89,1,38057
41,,38057
55,1,38059
15,,38059
27,,38061
31,1,38061
30,1,38067
15,,38067
24,1,38069
12,,38069
31,,38071
88,1,38071
66,1,38073
19,,38073
53,1,38077
36,,38077
38,1,38079
13,,38079
9,1,38081
5,,38081
5,1,38085
1,,38085
251,1,38089
104,,38089
142,1,38093
63,,38093
14,1,38097
6,,38097
47,1,38099
21,,38099
616,1,38101
222,,38101
279,1,38105
135,,38105
70,1,39001
475,,39001
830,1,39003
6534,,39003
2469,,39005
398,1,39005
828,1,39007
5304,,39007
1331,1,39009
4381,,39009
372,1,39011
2689,,39011
264,1,39013
1617,,39013
167,1,39015
1320,,39015
5262,1,39017
30504,,39017
109,1,39019
818,,39019
435,1,39021
2012,,39021
1129,1,39023
8347,,39023
2332,1,39025
13799,,39025
445,1,39027
3252,,39027
496,1,39029
3261,,39029
2674,,39031
335,1,39031
282,1,39033
2201,,39033
92103,,39035
18749,1,39035
259,1,39037
2127,,39037
285,1,39039
2064,,39039
2079,1,39041
8969,,39041
978,1,39043
4018,,39043
1219,1,39045
7607,,39045
112,1,39047
1715,,39047
28019,1,39049
127386,,39049
369,1,39051
1920,,39051
980,1,39053
5110,,39053
4207,,39055
893,1,39055
9558,,39057
2064,1,39057
148,1,39059
1452,,39059
19385,1,39061
81892,,39061
4436,,39063
670,1,39063
179,1,39065
1205,,39065
23,1,39067
101,,39067
1383,,39069
144,1,39069
132,1,39071
995,,39071
565,1,39073
4998,,39073
143,1,39075
1061,,39075
518,1,39077
2976,,39077
149,1,39079
1447,,39079
1761,,39081
353,1,39081
890,1,39083
3623,,39083
2268,1,39085
13273,,39085
272,1,39087
1952,,39087
9761,,39089
1759,1,39089
354,1,39091
2701,,39091
4775,1,39093
22767,,39093
5642,1,39095
29713,,39095
217,1,39097
1287,,39097
3027,1,39099
13133,,39099
3715,,39101
451,1,39101
3133,1,39103
15244,,39103
14,1,39105
140,,39105
378,1,39107
2177,,39107
1019,1,39109
7108,,39109
52,1,39111
216,,39111
6388,1,39113
40375,,39113
29,1,39115
406,,39115
186,1,39117
1093,,39117
543,1,39119
4305,,39119
120,,39121
18,1,39121
857,1,39123
5709,,39123
407,,39125
76,1,39125
174,1,39127
828,,39127
508,1,39129
3103,,39129
102,1,39131
1203,,39131
2440,1,39133
10112,,39133
210,1,39135
1484,,39135
196,1,39137
1524,,39137
981,1,39139
8438,,39139
783,1,39141
5607,,39141
541,1,39143
3648,,39143
491,1,39145
4175,,39145
527,1,39147
2589,,39147
307,1,39149
2634,,39149
3862,1,39151
24591,,39151
8057,1,39153
45298,,39153
1593,1,39155
8919,,39155
826,1,39157
5561,,39157
699,1,39159
6106,,39159
213,1,39161
1255,,39161
19,1,39163
131,,39163
3075,1,39165
16842,,39165
4523,,39167
710,1,39167
1523,1,39169
6914,,39169
214,1,39171
1563,,39171
2223,1,39173
8625,,39173
172,1,39175
875,,39175
14,,40001
6,1,40001
12,1,40005
2,,40005
2,,40007
75,1,40009
40,,40009
3,1,40011
1,,40011
200,1,40013
90,,40013
45,,40015
35,1,40015
291,,40017
499,1,40017
223,1,40019
124,,40019
222,1,40021
70,,40021
19,1,40023
9,,40023
6,1,40025
3,,40025
3188,1,40027
1039,,40027
803,1,40031
429,,40031
34,1,40035
17,,40035
396,1,40037
191,,40037
152,1,40039
57,,40039
209,1,40041
124,,40041
158,,40047
383,1,40047
61,1,40049
36,,40049
114,1,40051
88,,40051
5,,40061
20,1,40061
2,1,40063
1,,40063
57,,40065
158,1,40065
8,1,40069
8,,40069
217,1,40071
91,,40071
158,1,40073
121,,40073
4,1,40075
6,,40075
9,1,40077
8,,40077
83,1,40079
33,,40079
29,1,40081
33,,40081
144,1,40083
62,,40083
24,1,40085
6,,40085
301,1,40087
141,,40087
81,,40089
115,1,40089
73,1,40091
23,,40091
2,1,40093
12,1,40095
5,,40095
163,1,40097
71,,40097
66,1,40099
57,,40099
349,1,40101
269,,40101
13,1,40103
3,,40103
6,1,40105
3,,40105
5,1,40107
3,,40107
8973,1,40109
3029,,40109
110,1,40111
48,,40111
371,1,40113
177,,40113
67,1,40115
27,,40115
29,1,40117
7,,40117
1059,1,40119
358,,40119
78,,40121
184,1,40121
252,1,40123
129,,40123
211,1,40125
101,,40125
3,1,40127
12,,40127
313,1,40131
168,,40131
54,1,40133
27,,40133
70,1,40135
37,,40135
113,1,40137
78,,40137
76,1,40139
77,,40139
5960,1,40143
1986,,40143
1626,1,40145
699,,40145
414,1,40147
157,,40147
2,,40149
24,1,40151
17,,40151
81,1,40153
40,,40153
19,,41001
65,1,41001
2406,1,41003
428,,41003
6713,1,41005
1402,,41005
761,1,41007
139,,41007
207,1,41009
40,,41009
709,1,41011
248,,41011
88,1,41013
41,,41013
287,1,41015
143,,41015
4596,1,41017
752,,41017
328,,41019
974,1,41019
23,1,41023
5,,41023
13,1,41025
8,,41025
867,1,41027
150,,41027
4894,1,41029
1056,,41029
77,1,41031
52,,41031
920,1,41033
300,,41033
533,1,41035
184,,41035
24,1,41037
20,,41037
1296,,41039
7932,1,41039
1364,1,41041
233,,41041
308,,41043
1197,1,41043
50,1,41045
13,,41045
1045,,41047
4260,1,41047
55,1,41049
23,,41049
41927,1,41051
5792,,41051
124,,41053
532,1,41053
1,1,41055
596,1,41057
107,,41057
490,1,41059
162,,41059
367,1,41061
101,,41061
71,1,41063
11,,41063
514,1,41065
107,,41065
12170,1,41067
2500,,41067
1,,41069
1538,1,41071
373,,41071
1813,1,42001
5823,,42001
31190,1,42003
71424,,42003
294,1,42005
1275,,42005
1185,1,42007
3417,,42007
1011,,42009
200,1,42009
4538,1,42011
14014,,42011
10004,,42013
2289,1,42013
1600,1,42015
3835,,42015
13654,1,42017
28646,,42017
3227,1,42019
8351,,42019
1421,1,42021
5624,,42021
114,,42023
16,1,42023
2538,,42025
738,1,42025
5024,1,42027
11499,,42027
28529,,42029
13467,1,42029
159,1,42031
527,,42031
1811,,42033
596,1,42033
547,,42035
187,1,42035
793,1,42037
2432,,42037
1407,1,42039
5064,,42039
4556,1,42041
14868,,42041
5365,1,42043
20239,,42043
13169,1,42045
29229,,42045
3266,,42047
654,1,42047
4744,1,42049
17727,,42049
5154,,42051
1374,1,42051
3,1,42053
3,,42053
1265,1,42055
8322,,42055
533,1,42059
1478,,42059
1351,,42061
416,1,42061
1929,,42063
625,1,42063
1178,,42065
173,1,42065
87,1,42067
402,,42067
2742,1,42069
8405,,42069
8867,1,42071
37937,,42071
909,1,42073
2579,,42073
1188,1,42075
4655,,42075
7521,1,42077
21852,,42077
17361,,42079
4915,1,42079
3780,,42081
968,1,42081
260,1,42083
1719,,42083
1326,1,42085
5315,,42085
934,,42087
163,1,42087
2292,1,42089
7978,,42089
19834,1,42091
43768,,42091
296,1,42093
931,,42093
7179,1,42095
21364,,42095
726,1,42097
2587,,42097
1452,,42099
318,1,42099
164796,,42101
38775,1,42101
315,1,42103
1007,,42103
93,1,42105
467,,42105
6180,,42107
2271,1,42107
432,1,42109
1354,,42109
451,1,42111
2130,,42111
1,1,42113
12,,42113
349,1,42115
993,,42115
332,1,42117
1311,,42117
1135,1,42119
2334,,42119
1328,1,42121
3153,,42121
381,1,42123
1381,,42123
2216,1,42125
6476,,42125
465,1,42127
1430,,42127
12056,,42129
3927,1,42129
409,1,42131
1603,,42131
4336,1,42133
19305,,42133
1220,1,44001
262,,44001
3106,1,44003
1013,,44003
2050,1,44005
502,,44005
11157,1,44007
2735,,44007
3421,1,44009
765,,44009
126,1,45001
79,,45001
985,1,45003
426,,45003
2,1,45005
1032,1,45007
521,,45007
8,1,45009
14,,45009
22,,45011
60,1,45011
2282,1,45013
784,,45013
686,1,45015
346,,45015
3,,45017
4762,1,45019
1075,,45019
271,1,45021
160,,45021
82,1,45023
44,,45023
101,1,45025
96,,45025
40,,45027
68,1,45027
149,1,45029
101,,45029
157,,45031
163,1,45031
68,1,45033
24,,45033
746,1,45035
383,,45035
3,,45037
15,1,45037
39,1,45039
44,,45039
743,1,45041
768,,45041
542,1,45043
182,,45043
5696,1,45045
2484,,45045
323,1,45047
158,,45047
28,1,45049
24,,45049
1907,,45051
3465,1,45051
192,1,45053
67,,45053
388,1,45055
217,,45055
206,,45057
300,1,45057
194,1,45059
85,,45059
9,1,45061
3,,45061
1691,1,45063
867,,45063
66,1,45065
20,,45065
53,1,45067
34,,45067
26,1,45069
24,,45069
47,1,45071
32,,45071
145,,45073
359,1,45073
180,1,45075
100,,45075
433,,45077
1135,1,45077
3875,1,45079
1098,,45079
11,,45081
31,1,45081
2316,1,45083
954,,45083
480,1,45085
340,,45085
28,1,45087
19,,45087
20,1,45089
16,,45089
2671,1,45091
1072,,45091
14,1,46003
15,,46003
67,1,46005
36,,46005
19,1,46009
8,,46009
532,1,46011
141,,46011
411,1,46013
144,,46013
43,1,46015
21,,46015
45,1,46019
28,,46019
41,1,46023
12,,46023
215,1,46027
45,,46027
254,1,46029
131,,46029
8,1,46031
4,,46031
90,1,46033
35,,46033
157,1,46035
77,,46035
2,1,46039
1,,46039
38,1,46041
5,,46041
72,1,46047
22,,46047
13,1,46049
8,,46049
45,1,46051
23,,46051
15,1,46057
7,,46057
171,1,46065
47,,46065
16,1,46067
3,,46067
56,1,46069
17,,46069
10,1,46071
3,,46071
4,1,46075
2,,46075
97,1,46079
27,,46079
247,1,46081
88,,46081
35,,46083
86,1,46083
4,1,46085
37,1,46087
6,,46087
18,1,46089
18,,46089
65,1,46093
23,,46093
15,1,46097
9,,46097
797,,46099
2983,1,46099
21,1,46101
14,,46101
1139,1,46103
344,,46103
5,1,46105
3,,46105
5,,46107
1,1,46107
64,1,46109
25,,46109
62,1,46113
21,,46113
6,1,46119
5,,46119
12,,46121
20,1,46121
22,1,46123
12,,46123
86,1,46127
50,,46127
35,1,46129
7,,46129
197,1,46135
53,,46135
544,1,47001
246,,47001
258,1,47003
103,,47003
21,,47005
18,1,47005
13,1,47007
10,,47007
862,1,47009
378,,47009
742,1,47011
416,,47011
87,1,47013
77,,47013
57,1,47015
33,,47015
95,1,47017
41,,47017
187,1,47019
83,,47019
124,1,47021
39,,47021
68,1,47023
60,,47023
165,1,47025
107,,47025
52,1,47027
17,,47027
120,1,47029
55,,47029
420,1,47031
186,,47031
17,1,47033
30,,47033
388,1,47035
224,,47035
3756,,47037
14143,1,47037
12,,47039
29,1,47039
113,1,47041
35,,47041
101,,47043
174,1,47043
119,1,47045
83,,47045
68,1,47047
47,,47047
54,1,47049
16,,47049
198,1,47051
65,,47051
160,1,47053
128,,47053
60,,47055
68,1,47055
64,1,47057
32,,47057
217,1,47059
143,,47059
94,1,47061
33,,47061
506,1,47063
257,,47063
4497,1,47065
1540,,47065
8,1,47067
3,,47067
13,1,47069
15,,47069
355,,47071
728,1,47071
125,1,47073
63,,47073
693,1,47075
325,,47075
85,1,47077
68,,47077
193,1,47079
99,,47079
33,1,47081
22,,47081
60,1,47083
66,,47083
28,1,47085
6,,47085
21,1,47087
17,,47087
153,1,47089
91,,47089
58,1,47091
31,,47091
5470,1,47093
1692,,47093
15,1,47097
18,,47097
161,1,47099
88,,47099
31,1,47101
19,,47101
83,1,47103
24,,47103
240,1,47105
126,,47105
163,1,47107
92,,47107
15,1,47109
9,,47109
76,1,47111
61,,47111
336,,47113
837,1,47113
196,1,47115
82,,47115
117,1,47117
59,,47117
966,1,47119
417,,47119
6,1,47121
6,,47121
221,1,47123
107,,47123
1476,1,47125
638,,47125
27,1,47127
18,,47127
23,,47129
33,1,47129
88,1,47131
44,,47131
190,1,47133
144,,47133
21,1,47135
14,,47135
8,1,47137
4,,47137
43,1,47139
20,,47139
761,1,47141
377,,47141
209,1,47143
105,,47143
108,1,47145
79,,47145
105,,47147
191,1,47147
1997,1,47149
745,,47149
58,,47151
74,1,47151
116,1,47153
72,,47153
1127,1,47155
560,,47155
6698,1,47157
2311,,47157
34,1,47159
31,,47159
59,1,47161
9,,47161
1734,1,47163
864,,47163
995,1,47165
483,,47165
157,1,47167
111,,47167
8,,47169
15,1,47169
92,1,47171
40,,47171
20,1,47173
11,,47173
9,1,47175
3,,47175
119,,47177
199,1,47177
1725,1,47179
694,,47179
63,,47181
113,1,47181
238,1,47183
81,,47183
99,1,47185
78,,47185
771,,47187
2329,1,47187
1274,1,47189
538,,47189
146,1,48001
82,,48001
71,1,48003
47,,48003
608,1,48005
316,,48005
134,1,48007
87,,48007
17,1,48009
6,,48009
30,,48013
63,1,48013
67,1,48015
45,,48015
18,1,48017
23,,48017
68,1,48019
22,,48019
428,1,48021
157,,48021
8,1,48023
7,,48023
94,1,48025
39,,48025
2046,1,48027
981,,48027
29037,1,48029
12660,,48029
68,1,48031
19,,48031
787,1,48033
285,,48033
17,1,48035
3,,48035
606,1,48037
359,,48037
1640,1,48039
713,,48039
4186,1,48041
1268,,48041
83,1,48043
24,,48043
57,1,48047
10,,48047
259,1,48049
134,,48049
29,,48051
35,1,48051
227,1,48053
91,,48053
34,,48055
106,1,48055
90,1,48057
47,,48057
31,1,48059
32,,48059
2983,1,48061
1567,,48061
19,,48063
20,1,48063
18,1,48067
16,,48067
40,1,48069
16,,48069
166,1,48071
92,,48071
131,1,48073
64,,48073
9,1,48075
8,,48075
4,1,48077
4,,48077
17,1,48083
28,,48083
12620,1,48085
4555,,48085
4,,48087
1,1,48087
35,1,48089
23,,48089
1855,1,48091
779,,48091
46,1,48093
20,,48093
2,,48095
3,1,48095
216,1,48097
93,,48097
327,1,48099
162,,48099
4,,48101
8,1,48101
4,1,48103
5,,48103
12,1,48105
1,,48105
8,1,48107
6,,48107
4,1,48109
9,,48109
32,1,48111
24,,48111
66480,1,48113
22350,,48113
21,,48115
48,1,48115
47,,48117
41,1,48117
9170,1,48121
2850,,48121
19,,48123
12,1,48123
12,1,48127
11,,48127
43,1,48133
20,,48133
734,1,48135
354,,48135
856,1,48139
409,,48139
10063,1,48141
4149,,48141
224,1,48143
172,,48143
13,,48145
22,1,48145
108,1,48147
39,,48147
59,,48149
168,1,48149
1,1,48153
5650,1,48157
2072,,48157
18,1,48159
13,,48159
39,1,48161
43,,48161
61,1,48163
33,,48163
36,1,48165
42,,48165
2648,1,48167
934,,48167
9,1,48169
4,,48169
152,1,48171
71,,48171
12,1,48175
5,,48175
17,,48177
29,1,48177
57,1,48179
59,,48179
350,,48181
834,1,48181
533,,48183
937,1,48183
54,1,48185
38,,48185
848,1,48187
315,,48187
134,1,48189
95,,48189
9,1,48193
8,,48193
6,,48195
17,1,48195
195,1,48199
167,,48199
54859,1,48201
19718,,48201
184,1,48203
97,,48203
27,1,48207
6,,48207
3114,1,48209
887,,48209
3,,48211
15,1,48211
374,1,48213
189,,48213
2860,,48215
5871,1,48215
173,1,48217
103,,48217
78,,48219
146,1,48219
405,1,48221
206,,48221
207,1,48223
88,,48223
29,1,48225
20,,48225
142,1,48227
87,,48227
1,1,48229
228,,48231
410,1,48231
38,,48233
64,1,48233
4,1,48237
4,,48237
42,1,48239
19,,48239
28,1,48241
25,,48241
12,1,48243
7,,48243
1270,1,48245
594,,48245
98,,48249
128,1,48249
696,1,48251
400,,48251
6,,48253
22,1,48253
17,1,48255
5,,48255
539,1,48257
310,,48257
466,1,48259
199,,48259
546,1,48265
296,,48265
10,1,48267
6,,48267
223,1,48273
91,,48273
253,1,48277
115,,48277
22,1,48279
27,,48279
27,1,48281
9,,48281
4,1,48283
3,,48283
26,1,48285
9,,48285
41,1,48287
15,,48287
32,1,48289
36,,48289
111,1,48291
56,,48291
44,1,48293
22,,48293
36,1,48297
14,,48297
138,1,48299
59,,48299
3090,1,48303
1002,,48303
18,1,48307
12,,48307
655,,48309
1946,1,48309
5,1,48313
6,,48313
3,,48315
7,1,48317
9,,48317
26,1,48319
3,,48319
202,1,48321
84,,48321
354,1,48323
202,,48323
164,1,48325
96,,48325
941,1,48329
484,,48329
51,1,48331
16,,48331
13,1,48333
12,,48333
5,1,48335
8,,48335
12,,48337
15,1,48337
4407,1,48339
2066,,48339
58,1,48341
45,,48341
25,1,48343
11,,48343
468,1,48347
167,,48347
37,,48349
86,1,48349
49,1,48353
23,,48353
2655,1,48355
1092,,48355
69,1,48357
35,,48357
7,,48359
2,1,48359
346,1,48361
208,,48361
92,1,48363
62,,48363
21,,48365
18,1,48365
597,1,48367
333,,48367
30,1,48369
15,,48369
19,,48371
41,1,48371
72,,48373
100,1,48373
1536,1,48375
880,,48375
78,1,48377
99,,48377
20,1,48379
18,,48379
116,1,48381
50,,48381
4,1,48383
6,,48383
22,1,48385
7,,48385
4,1,48387
3,,48387
40,,48389
60,1,48389
3,1,48391
7,,48391
27,1,48395
13,,48395
820,1,48397
366,,48397
2,1,48399
127,1,48401
93,,48401
4,1,48403
11,,48403
74,,48407
118,1,48407
296,1,48409
134,,48409
13,1,48411
10,,48411
33,,48415
48,1,48415
15,1,48419
21,,48419
1,,48421
7,1,48421
1791,1,48423
861,,48423
55,1,48425
31,,48425
268,1,48427
163,,48427
9,,48429
19,1,48429
1,1,48437
6718,,48439
17511,1,48439
2463,1,48441
861,,48441
23,1,48445
21,,48445
127,1,48449
92,,48449
916,1,48451
460,,48451
41919,1,48453
8015,,48453
66,,48455
108,1,48455
19,1,48457
14,,48457
146,1,48459
139,,48459
35,1,48461
33,,48461
91,1,48463
75,,48463
187,1,48465
79,,48465
116,1,48467
77,,48467
249,,48469
521,1,48469
421,1,48471
169,,48471
941,1,48473
318,,48473
50,1,48475
21,,48475
63,,48477
127,1,48477
2914,1,48479
1496,,48479
45,,48481
70,1,48481
3,1,48483
3,,48483
833,1,48485
390,,48485
31,1,48487
22,,48487
34,,48489
40,1,48489
5923,1,48491
1802,,48491
129,1,48493
76,,48493
8,1,48495
4,,48495
227,1,48497
123,,48497
114,,48499
170,1,48499
41,,48503
87,1,48503
38,1,48505
14,,48505
13,1,48507
18,,48507
17,1,49001
11,,49001
178,1,49003
81,,49003
1159,1,49005
407,,49005
102,1,49007
51,,49007
816,,49011
2261,1,49011
6,1,49013
3,,49013
27,1,49015
18,,49015
41,,49017
156,1,49017
340,1,49019
61,,49019
373,1,49021
181,,49021
10,1,49023
10,,49023
112,1,49025
30,,49025
35,1,49027
27,,49027
20,1,49029
12,,49029
23,1,49033
1,,49033
22921,1,49035
6296,,49035
30,1,49037
14,,49037
291,1,49039
128,,49039
51,,49041
58,1,49041
896,1,49043
138,,49043
220,1,49045
82,,49045
151,,49047
202,1,49047
6078,1,49049
2353,,49049
102,1,49051
31,,49051
1532,,49053
3757,1,49053
25,1,49055
8,,49055
1692,1,49057
606,,49057
844,1,50001
119,,50001
725,1,50003
125,,50003
459,1,50005
97,,50005
1137,,50007
6763,1,50007
552,1,50011
69,,50011
474,1,50013
82,,50013
1278,1,50015
181,,50015
171,,50017
259,1,50017
115,1,50019
32,,50019
627,1,50021
108,,50021
1551,1,50023
219,,50023
816,1,50025
236,,50025
253,,50027
866,1,50027
312,1,51001
83,,51001
585,1,51003
147,,51003
61,1,51005
22,,51005
63,1,51007
30,,51007
88,1,51009
60,,51009
8,1,51011
4,,51011
13615,1,51013
2271,,51013
158,1,51015
81,,51015
33,1,51017
7,,51017
499,1,51019
356,,51019
1,1,51021
174,1,51023
104,,51023
39,1,51025
19,,51025
36,,51027
53,1,51027
35,1,51029
9,,51029
161,1,51031
100,,51031
12,1,51033
4,,51033
77,1,51035
39,,51035
10,1,51037
6,,51037
3907,1,51041
1756,,51041
57,1,51043
52,,51043
357,,51047
790,1,51047
7,1,51049
1,,51049
15,1,51051
28,,51051
5,,51053
85,1,51057
44,,51057
34727,1,51059
10403,,51059
283,,51061
627,1,51061
208,1,51063
94,,51063
391,1,51065
133,,51065
242,,51067
481,1,51067
79,1,51069
26,,51069
50,1,51071
23,,51071
372,1,51073
174,,51073
48,1,51075
12,,51075
18,1,51077
6,,51077
287,1,51079
130,,51079
1,1,51081
2,,51081
117,1,51083
62,,51083
753,1,51085
315,,51085
4384,1,51087
1765,,51087
126,1,51089
94,,51089
142,,51093
218,1,51093
21,1,51095
12,,51095
392,1,51099
199,,51099
75,1,51101
38,,51101
122,1,51103
31,,51103
63,,51105
100,1,51105
9522,1,51107
3829,,51107
79,1,51109
175,,51109
12,,51111
21,1,51111
10,1,51113
2,,51113
35,1,51115
20,,51115
104,1,51117
48,,51117
80,1,51119
34,,51119
2086,1,51121
643,,51121
92,1,51125
17,,51125
67,,51127
102,1,51127
13854,1,51131
2361,,51131
6,1,51133
4,,51133
101,1,51135
42,,51135
138,1,51137
81,,51137
1195,1,51139
578,,51139
31,,51141
66,1,51141
165,1,51143
127,,51143
63,,51145
126,1,51145
184,,51147
301,1,51147
90,,51149
113,1,51149
6129,1,51153
3132,,51153
86,1,51155
33,,51155
13,,51157
48,1,51157
6562,1,51159
2142,,51159
2030,1,51161
952,,51161
593,1,51163
245,,51163
691,1,51165
311,,51165
81,1,51167
63,,51167
81,1,51169
81,,51169
376,1,51171
167,,51171
67,1,51173
48,,51173
13,1,51175
4,,51175
683,1,51177
496,,51177
1472,1,51179
667,,51179
1,1,51183
105,1,51185
115,,51185
358,1,51187
180,,51187
243,1,51191
98,,51191
64,1,51193
30,,51193
89,1,51195
107,,51195
235,1,51197
124,,51197
7,1,51199
6,,51199
2374,,51510
11008,1,51510
346,1,51520
224,,51520
62,1,51530
17,,51530
6562,1,51540
1840,,51540
1847,1,51550
1134,,51550
108,,51570
137,1,51570
104,1,51580
80,,51580
256,1,51590
204,,51590
41,1,51595
34,,51595
464,1,51610
90,,51610
1541,1,51630
815,,51630
68,,51640
109,1,51640
1231,1,51650
727,,51650
1699,1,51660
556,,51660
95,1,51670
74,,51670
382,1,51678
103,,51678
679,,51680
1292,1,51680
1327,1,51683
737,,51683
178,1,51685
106,,51685
129,1,51690
110,,51690
1306,,51700
2211,1,51700
1377,,51710
2755,1,51710
25,1,51720
18,,51720
140,1,51730
104,,51730
237,1,51735
151,,51735
559,1,51740
436,,51740
401,1,51750
172,,51750
470,1,51775
192,,51775
424,1,51790
221,,51790
981,1,51800
700,,51800
3641,,51810
6250,1,51810
384,1,51820
172,,51820
2257,1,51830
672,,51830
879,1,51840
435,,51840
51,1,53001
49,,53001
9,1,53003
5,,53003
2874,1,53005
1076,,53005
1612,1,53007
423,,53007
250,,53009
1110,1,53009
5469,1,53011
1522,,53011
14,1,53013
24,,53013
171,,53015
610,1,53015
331,1,53017
128,,53017
18,1,53019
11,,53019
250,,53021
615,1,53021
283,,53025
614,1,53025
514,1,53027
147,,53027
2168,1,53029
409,,53029
93,,53031
946,1,53031
99900,1,53033
15004,,53033
3755,1,53035
766,,53035
968,1,53037
253,,53037
37,,53039
183,1,53039
343,1,53041
98,,53041
25,1,53043
8,,53043
781,1,53045
153,,53045
393,1,53047
91,,53047
72,,53049
221,1,53049
37,1,53051
9,,53051
10985,1,53053
2684,,53053
703,1,53055
73,,53055
1271,1,53057
298,,53057
149,1,53059
31,,53059
11353,1,53061
2874,,53061
6759,1,53063
2022,,53063
55,1,53065
28,,53065
4150,1,53067
686,,53067
13,1,53069
5,,53069
1264,1,53071
347,,53071
3635,1,53073
741,,53073
1329,1,53075
280,,53075
914,,53077
2170,1,53077
52,1,54001
23,,54001
918,1,54003
386,,54003
19,1,54005
3,,54005
7,1,54007
5,,54007
16,1,54009
11,,54009
995,,54011
1484,1,54011
334,1,54019
108,,54019
5,1,54021
5,,54021
12,1,54023
10,,54023
109,1,54025
41,,54025
14,1,54027
11,,54027
199,1,54029
130,,54029
103,1,54031
26,,54031
691,1,54033
296,,54033
134,1,54035
71,,54035
382,1,54037
166,,54037
906,,54039
2741,1,54039
98,1,54041
29,,54041
80,1,54043
49,,54043
64,1,54045
37,,54045
12,1,54047
15,,54047
234,,54049
558,1,54049
66,1,54051
37,,54051
135,,54053
101,1,54053
494,1,54055
225,,54055
22,,54057
29,1,54057
94,1,54059
246,,54059
1574,1,54061
498,,54061
2,1,54063
1,1,54065
1,,54065
62,1,54067
46,,54067
532,1,54069
215,,54069
3,1,54073
3,,54073
56,1,54075
14,,54075
51,,54077
86,1,54077
614,1,54079
276,,54079
386,1,54081
162,,54081
186,1,54083
66,,54083
76,1,54085
37,,54085
18,1,54087
7,,54087
12,1,54089
5,,54089
41,1,54091
10,,54091
51,1,54093
13,,54093
1,1,54095
214,1,54097
78,,54097
54,1,54099
18,,54099
2,,54101
3,1,54101
43,1,54103
43,,54103
10,1,54105
2,,54105
817,1,54107
483,,54107
35,1,54109
28,,54109
106,1,55001
659,,55001
241,1,55003
549,,55003
491,1,55005
1948,,55005
223,1,55007
411,,55007
2830,1,55009
12645,,55009
217,,55011
56,1,55011
133,1,55013
395,,55013
148,1,55015
516,,55015
1932,,55017
442,1,55017
94,1,55019
356,,55019
2608,,55021
660,1,55021
170,1,55023
416,,55023
25173,1,55025
49211,,55025
526,1,55027
2240,,55027
646,1,55029
1110,,55029
391,1,55031
1207,,55031
625,1,55033
1984,,55033
2448,1,55035
7225,,55035
1327,1,55039
5558,,55039
36,1,55041
91,,55041
1984,,55043
801,1,55043
297,1,55045
899,,55045
295,,55047
77,1,55047
242,1,55049
684,,55049
8,1,55051
44,,55051
437,1,55053
2203,,55053
2869,,55055
786,1,55055
1448,,55057
336,1,55057
1608,1,55059
8453,,55059
180,1,55061
716,,55061
11899,,55063
3474,1,55063
79,1,55065
262,,55065
613,,55067
102,1,55067
207,1,55069
784,,55069
480,1,55071
2878,,55071
1477,1,55073
6584,,55073
227,1,55075
999,,55075
150,1,55077
799,,55077
32,1,55078
346,,55078
12356,1,55079
63402,,55079
768,1,55081
2983,,55081
105,1,55083
848,,55083
550,1,55085
2206,,55085
2221,1,55087
9365,,55087
3916,,55089
1113,1,55089
112,1,55091
257,,55091
313,1,55093
957,,55093
457,1,55095
1322,,55095
1075,1,55097
3499,,55097
110,1,55099
359,,55099
1467,1,55101
9346,,55101
189,1,55103
503,,55103
2039,1,55105
9645,,55105
93,1,55107
367,,55107
1167,1,55109
3080,,55109
950,1,55111
3907,,55111
158,1,55113
681,,55113
1149,,55115
266,1,55115
1469,1,55117
7389,,55117
39,1,55119
236,,55119
287,1,55121
1156,,55121
1067,,55123
368,1,55123
124,1,55125
496,,55125
4967,,55127
1251,1,55127
60,1,55129
362,,55129
1156,1,55131
4988,,55131
5058,1,55133
22546,,55133
388,1,55135
2154,,55135
191,1,55137
860,,55137
1647,1,55139
9176,,55139
900,1,55141
4069,,55141
880,1,56001
195,,56001
44,1,56003
21,,56003
249,1,56005
140,,56005
93,1,56007
37,,56007
41,1,56009
30,,56009
13,1,56011
13,,56011
382,1,56013
74,,56013
21,,56015
44,1,56015
31,1,56017
16,,56017
10,,56019
42,1,56019
1011,1,56021
343,,56021
142,1,56023
52,,56023
518,,56025
832,1,56025
198,,56029
289,1,56029
31,1,56031
10,,56031
317,1,56033
116,,56033
33,1,56035
13,,56035
852,1,56037
356,,56037
104,,56039
1022,1,56039
114,1,56041
61,,56041
43,1,56043
25,,56043
20,,56045
37,1,56045
