"date_id","agg_views","video_shortened_id","candidate"
20160101,4937,2037,"Clinton"
20160101,12135,1910,"Clinton"
20160101,6555,1171,"Clinton"
20160101,59199,494,"Trump"
20160101,18471,1403,"Trump"
20160101,13814,1427,"Trump"
20160102,4985,2037,"Clinton"
20160102,12227,1910,"Clinton"
20160102,6831,1171,"Clinton"
20160102,62824,494,"Trump"
20160102,20187,1403,"Trump"
20160102,14796,1427,"Trump"
20160103,5207,2702,"Clinton"
20160103,16174,1427,"Trump"
20160103,12334,1910,"Clinton"
20160103,6988,1171,"Clinton"
20160103,66305,494,"Trump"
20160103,21706,1403,"Trump"
20160104,11733,2451,"Clinton"
20160104,17302,1427,"Trump"
20160104,12424,1910,"Clinton"
20160104,7781,1171,"Clinton"
20160104,69550,494,"Trump"
20160104,22933,1403,"Trump"
20160105,7966,1171,"Clinton"
20160105,73435,494,"Trump"
20160105,24104,1403,"Trump"
20160105,11855,2451,"Clinton"
20160105,18317,1427,"Trump"
20160105,12499,1910,"Clinton"
20160106,12671,1910,"Clinton"
20160106,8079,1171,"Clinton"
20160106,76663,494,"Trump"
20160106,25954,1403,"Trump"
20160106,12197,2451,"Clinton"
20160106,19234,1427,"Trump"
20160107,12881,1910,"Clinton"
20160107,8200,1171,"Clinton"
20160107,79866,494,"Trump"
20160107,27519,1403,"Trump"
20160107,12436,2451,"Clinton"
20160107,20491,1427,"Trump"
20160108,13004,1910,"Clinton"
20160108,8323,1171,"Clinton"
20160108,83404,494,"Trump"
20160108,29032,1403,"Trump"
20160108,12606,2451,"Clinton"
20160108,21815,1427,"Trump"
20160109,12759,2451,"Clinton"
20160109,22881,1427,"Trump"
20160109,13131,1910,"Clinton"
20160109,8435,1171,"Clinton"
20160109,86521,494,"Trump"
20160109,30374,1403,"Trump"
20160110,90052,494,"Trump"
20160110,31526,1403,"Trump"
20160110,12901,2451,"Clinton"
20160110,23931,1427,"Trump"
20160110,13230,1910,"Clinton"
20160110,8557,1171,"Clinton"
20160111,13338,1910,"Clinton"
20160111,8672,1171,"Clinton"
20160111,93499,494,"Trump"
20160111,32747,1403,"Trump"
20160111,13216,2451,"Clinton"
20160111,25103,1427,"Trump"
20160112,13426,1910,"Clinton"
20160112,34716,2098,"Clinton"
20160112,97028,494,"Trump"
20160112,34081,1403,"Trump"
20160112,13413,2451,"Clinton"
20160112,26317,1427,"Trump"
20160113,13498,1910,"Clinton"
20160113,35126,2098,"Clinton"
20160113,102803,494,"Trump"
20160113,35343,1403,"Trump"
20160113,13530,2451,"Clinton"
20160113,27626,1427,"Trump"
20160114,13604,2451,"Clinton"
20160114,28803,1427,"Trump"
20160114,13574,1910,"Clinton"
20160114,35368,2098,"Clinton"
20160114,107287,494,"Trump"
20160114,36653,1403,"Trump"
20160115,38160,1403,"Trump"
20160115,13698,2451,"Clinton"
20160115,29960,1427,"Trump"
20160115,13712,1910,"Clinton"
20160115,35644,2098,"Clinton"
20160115,112932,494,"Trump"
20160116,13790,1910,"Clinton"
20160116,35930,2098,"Clinton"
20160116,123419,494,"Trump"
20160116,39894,1403,"Trump"
20160116,13793,2451,"Clinton"
20160116,209534,2068,"Trump"
20160117,36229,2098,"Clinton"
20160117,159184,494,"Trump"
20160117,40258,1403,"Trump"
20160117,11066,1584,"Clinton"
20160117,13858,2451,"Clinton"
20160117,219234,2068,"Trump"
20160118,45588,1592,"Clinton"
20160118,36546,2098,"Clinton"
20160118,184739,494,"Trump"
20160118,40688,1403,"Trump"
20160118,13925,2451,"Clinton"
20160118,220149,2068,"Trump"
20160119,13973,2451,"Clinton"
20160119,220539,2068,"Trump"
20160119,11876,1584,"Clinton"
20160119,36762,2098,"Clinton"
20160119,196806,494,"Trump"
20160119,41161,1403,"Trump"
20160120,12593,2451,"Clinton"
20160120,220831,2068,"Trump"
20160120,47141,1592,"Clinton"
20160120,36933,2098,"Clinton"
20160120,202047,494,"Trump"
20160120,41465,1403,"Trump"
20160121,203999,494,"Trump"
20160121,37080,2098,"Clinton"
20160121,42381,1403,"Trump"
20160121,12115,2451,"Clinton"
20160121,221041,2068,"Trump"
20160121,47822,1592,"Clinton"
20160122,208403,494,"Trump"
20160122,37199,2098,"Clinton"
20160122,74570,1219,"Trump"
20160122,11866,2451,"Clinton"
20160122,221185,2068,"Trump"
20160122,48355,1592,"Clinton"
20160123,48871,1592,"Clinton"
20160123,37304,2098,"Clinton"
20160123,210274,494,"Trump"
20160123,74635,1219,"Trump"
20160123,221239,2068,"Trump"
20160123,11501,1584,"Clinton"
20160124,11563,1584,"Clinton"
20160124,49572,1592,"Clinton"
20160124,37416,2098,"Clinton"
20160124,210220,494,"Trump"
20160124,74720,1219,"Trump"
20160124,221299,2068,"Trump"
20160125,221350,2068,"Trump"
20160125,50332,1592,"Clinton"
20160125,50317,1210,"Clinton"
20160125,37539,2098,"Clinton"
20160125,210245,494,"Trump"
20160125,74814,1219,"Trump"
20160126,37737,2098,"Clinton"
20160126,211256,494,"Trump"
20160126,74911,1219,"Trump"
20160126,51281,1592,"Clinton"
20160126,221393,2068,"Trump"
20160126,50740,1210,"Clinton"
20160127,221426,2068,"Trump"
20160127,51257,1210,"Clinton"
20160127,37904,2098,"Clinton"
20160127,75008,1219,"Trump"
20160127,212183,494,"Trump"
20160127,52358,1592,"Clinton"
20160128,212428,494,"Trump"
20160128,53497,1592,"Clinton"
20160128,221455,2068,"Trump"
20160128,52267,1210,"Clinton"
20160128,34554,2098,"Clinton"
20160128,75111,1219,"Trump"
20160129,221486,2068,"Trump"
20160129,212489,494,"Trump"
20160129,54160,1592,"Clinton"
20160129,30044,2324,"Clinton"
20160129,53239,1210,"Clinton"
20160129,75190,1219,"Trump"
20160130,221509,2068,"Trump"
20160130,212913,494,"Trump"
20160130,54727,1592,"Clinton"
20160130,30143,2324,"Clinton"
20160130,53783,1210,"Clinton"
20160130,103922,2164,"Trump"
20160131,104354,2164,"Trump"
20160131,221539,2068,"Trump"
20160131,212349,494,"Trump"
20160131,55476,1592,"Clinton"
20160131,30278,2324,"Clinton"
20160131,54289,1210,"Clinton"
20160201,54918,1210,"Clinton"
20160201,104889,2164,"Trump"
20160201,193181,2068,"Trump"
20160201,211992,494,"Trump"
20160201,56276,1592,"Clinton"
20160201,30439,2324,"Clinton"
20160202,30576,2324,"Clinton"
20160202,55381,1210,"Clinton"
20160202,105181,2164,"Trump"
20160202,168877,2068,"Trump"
20160202,211722,494,"Trump"
20160202,57052,1592,"Clinton"
20160203,153924,2068,"Trump"
20160203,213757,494,"Trump"
20160203,58255,1592,"Clinton"
20160203,30706,2324,"Clinton"
20160203,59098,1210,"Clinton"
20160203,105516,2164,"Trump"
20160204,147221,2068,"Trump"
20160204,214780,494,"Trump"
20160204,59222,1592,"Clinton"
20160204,30791,2324,"Clinton"
20160204,61777,1210,"Clinton"
20160204,106011,2164,"Trump"
20160205,106217,2164,"Trump"
20160205,131730,2068,"Trump"
20160205,214862,494,"Trump"
20160205,58330,1592,"Clinton"
20160205,30865,2324,"Clinton"
20160205,63239,1210,"Clinton"
20160206,107072,2164,"Trump"
20160206,123721,2068,"Trump"
20160206,216139,494,"Trump"
20160206,56990,1592,"Clinton"
20160206,295230,2668,"Clinton"
20160206,64499,1210,"Clinton"
20160207,65627,1210,"Clinton"
20160207,107890,2164,"Trump"
20160207,109469,2068,"Trump"
20160207,217156,494,"Trump"
20160207,49980,1592,"Clinton"
20160207,295300,2668,"Clinton"
20160208,94721,2068,"Trump"
20160208,217971,494,"Trump"
20160208,40032,1592,"Clinton"
20160208,295342,2668,"Clinton"
20160208,66370,1210,"Clinton"
20160208,108456,2164,"Trump"
20160209,86522,2068,"Trump"
20160209,220711,494,"Trump"
20160209,34696,1592,"Clinton"
20160209,295401,2668,"Clinton"
20160209,66839,1210,"Clinton"
20160209,108870,2164,"Trump"
20160210,75929,2068,"Trump"
20160210,222400,494,"Trump"
20160210,31387,1592,"Clinton"
20160210,295501,2668,"Clinton"
20160210,67248,1210,"Clinton"
20160210,109110,2164,"Trump"
20160211,109326,2164,"Trump"
20160211,64877,2068,"Trump"
20160211,224661,494,"Trump"
20160211,295696,2668,"Clinton"
20160211,31355,2324,"Clinton"
20160211,56435,1210,"Clinton"
20160212,51278,1210,"Clinton"
20160212,109553,2164,"Trump"
20160212,28082,1592,"Clinton"
20160212,235184,494,"Trump"
20160212,295771,2668,"Clinton"
20160212,59751,1403,"Trump"
20160213,250892,494,"Trump"
20160213,295833,2668,"Clinton"
20160213,61623,1403,"Trump"
20160213,43291,1210,"Clinton"
20160213,109793,2164,"Trump"
20160213,27634,1592,"Clinton"
20160214,27706,1592,"Clinton"
20160214,296057,2668,"Clinton"
20160214,254158,494,"Trump"
20160214,63000,1403,"Trump"
20160214,41209,1210,"Clinton"
20160214,110174,2164,"Trump"
20160215,28092,1592,"Clinton"
20160215,296261,2668,"Clinton"
20160215,257517,494,"Trump"
20160215,64916,1403,"Trump"
20160215,37814,1210,"Clinton"
20160215,79530,2164,"Trump"
20160216,59369,2164,"Trump"
20160216,27842,1592,"Clinton"
20160216,296329,2668,"Clinton"
20160216,294474,494,"Trump"
20160216,66778,1403,"Trump"
20160216,29609,1210,"Clinton"
20160217,26744,1592,"Clinton"
20160217,296377,2668,"Clinton"
20160217,50094,1427,"Trump"
20160217,272474,494,"Trump"
20160217,69073,1403,"Trump"
20160217,162102,1127,"Clinton"
20160218,71045,1403,"Trump"
20160218,162437,1127,"Clinton"
20160218,58514,989,"Clinton"
20160218,296416,2668,"Clinton"
20160218,51483,1427,"Trump"
20160218,249566,494,"Trump"
20160219,52580,1427,"Trump"
20160219,242454,494,"Trump"
20160219,73544,1403,"Trump"
20160219,162766,1127,"Clinton"
20160219,59188,989,"Clinton"
20160219,296440,2668,"Clinton"
20160220,296481,2668,"Clinton"
20160220,53632,1427,"Trump"
20160220,251365,494,"Trump"
20160220,75962,1403,"Trump"
20160220,163043,1127,"Clinton"
20160220,59809,989,"Clinton"
20160221,60715,989,"Clinton"
20160221,296512,2668,"Clinton"
20160221,54927,1427,"Trump"
20160221,258458,494,"Trump"
20160221,76979,1403,"Trump"
20160221,163409,1127,"Clinton"
20160222,61492,989,"Clinton"
20160222,274544,2668,"Clinton"
20160222,56568,1427,"Trump"
20160222,260291,494,"Trump"
20160222,78008,1403,"Trump"
20160222,163737,1127,"Clinton"
20160223,164190,1127,"Clinton"
20160223,57901,1427,"Trump"
20160223,80063,1403,"Trump"
20160223,62254,989,"Clinton"
20160223,266008,494,"Trump"
20160223,69459,2668,"Clinton"
20160224,164714,1127,"Clinton"
20160224,58754,1427,"Trump"
20160224,81805,1403,"Trump"
20160224,64187,989,"Clinton"
20160224,270831,494,"Trump"
20160224,144427,2346,"Clinton"
20160225,144477,2346,"Clinton"
20160225,57287,1427,"Trump"
20160225,83146,1403,"Trump"
20160225,65052,989,"Clinton"
20160225,165163,1127,"Clinton"
20160225,279183,494,"Trump"
20160226,165554,1127,"Clinton"
20160226,286529,494,"Trump"
20160226,57970,1427,"Trump"
20160226,83792,1403,"Trump"
20160226,65637,989,"Clinton"
20160226,144512,2346,"Clinton"
20160227,85004,1403,"Trump"
20160227,66513,989,"Clinton"
20160227,144546,2346,"Clinton"
20160227,166062,1127,"Clinton"
20160227,291833,494,"Trump"
20160227,58943,1427,"Trump"
20160228,60451,1427,"Trump"
20160228,85745,1403,"Trump"
20160228,67432,989,"Clinton"
20160228,144642,2346,"Clinton"
20160228,166549,1127,"Clinton"
20160228,297790,494,"Trump"
20160229,62104,1427,"Trump"
20160229,86981,1403,"Trump"
20160229,68524,989,"Clinton"
20160229,144686,2346,"Clinton"
20160229,167366,1127,"Clinton"
20160229,305250,494,"Trump"
20160301,63558,1427,"Trump"
20160301,89069,1403,"Trump"
20160301,69251,989,"Clinton"
20160301,144751,2346,"Clinton"
20160301,168159,1127,"Clinton"
20160301,308179,494,"Trump"
20160302,168862,1127,"Clinton"
20160302,312260,494,"Trump"
20160302,64540,1427,"Trump"
20160302,89692,1403,"Trump"
20160302,69889,989,"Clinton"
20160302,144850,2346,"Clinton"
20160303,70369,989,"Clinton"
20160303,144936,2346,"Clinton"
20160303,169463,1127,"Clinton"
20160303,317499,494,"Trump"
20160303,66586,1427,"Trump"
20160303,90482,1403,"Trump"
20160304,67391,1427,"Trump"
20160304,90927,1403,"Trump"
20160304,70745,989,"Clinton"
20160304,145027,2346,"Clinton"
20160304,169693,1127,"Clinton"
20160304,323174,494,"Trump"
20160305,68019,1427,"Trump"
20160305,91348,1403,"Trump"
20160305,71102,989,"Clinton"
20160305,145102,2346,"Clinton"
20160305,65007,1127,"Clinton"
20160305,325818,494,"Trump"
20160306,68475,1427,"Trump"
20160306,92711,1403,"Trump"
20160306,50865,989,"Clinton"
20160306,145158,2346,"Clinton"
20160306,47779,2800,"Clinton"
20160306,329773,494,"Trump"
20160307,331997,494,"Trump"
20160307,369294,3115,"Trump"
20160307,94201,1403,"Trump"
20160307,43759,989,"Clinton"
20160307,145204,2346,"Clinton"
20160307,47827,2800,"Clinton"
20160308,34108,2800,"Clinton"
20160308,333502,494,"Trump"
20160308,370067,3115,"Trump"
20160308,93502,1403,"Trump"
20160308,37823,989,"Clinton"
20160308,145233,2346,"Clinton"
20160309,93658,1403,"Trump"
20160309,33325,989,"Clinton"
20160309,145250,2346,"Clinton"
20160309,335387,494,"Trump"
20160309,370700,3115,"Trump"
20160309,157790,2604,"Clinton"
20160310,158402,2604,"Clinton"
20160310,93963,1403,"Trump"
20160310,145280,2346,"Clinton"
20160310,35427,1592,"Clinton"
20160310,336632,494,"Trump"
20160310,371253,3115,"Trump"
20160311,371743,3115,"Trump"
20160311,159024,2604,"Clinton"
20160311,92245,1403,"Trump"
20160311,145302,2346,"Clinton"
20160311,36291,1592,"Clinton"
20160311,336436,494,"Trump"
20160312,372281,3115,"Trump"
20160312,159646,2604,"Clinton"
20160312,92124,1403,"Trump"
20160312,60594,2346,"Clinton"
20160312,35788,1592,"Clinton"
20160312,336740,494,"Trump"
20160313,336831,494,"Trump"
20160313,25223,989,"Clinton"
20160313,372875,3115,"Trump"
20160313,160209,2604,"Clinton"
20160313,91861,1403,"Trump"
20160313,35510,1592,"Clinton"
20160314,91255,1403,"Trump"
20160314,35074,1592,"Clinton"
20160314,327745,494,"Trump"
20160314,24015,989,"Clinton"
20160314,373408,3115,"Trump"
20160314,160696,2604,"Clinton"
20160315,161376,2604,"Clinton"
20160315,90786,1403,"Trump"
20160315,35703,1592,"Clinton"
20160315,311096,494,"Trump"
20160315,22842,989,"Clinton"
20160315,373875,3115,"Trump"
20160316,374431,3115,"Trump"
20160316,162224,2604,"Clinton"
20160316,90224,1403,"Trump"
20160316,36152,1592,"Clinton"
20160316,306927,494,"Trump"
20160316,349887,2148,"Clinton"
20160317,350002,2148,"Clinton"
20160317,374925,3115,"Trump"
20160317,162933,2604,"Clinton"
20160317,88820,1403,"Trump"
20160317,35953,1592,"Clinton"
20160317,300887,494,"Trump"
20160318,256953,494,"Trump"
20160318,350086,2148,"Clinton"
20160318,375342,3115,"Trump"
20160318,163570,2604,"Clinton"
20160318,87684,1403,"Trump"
20160318,35533,1592,"Clinton"
20160319,35368,1592,"Clinton"
20160319,243029,494,"Trump"
20160319,350173,2148,"Clinton"
20160319,375800,3115,"Trump"
20160319,164198,2604,"Clinton"
20160319,86361,1403,"Trump"
20160320,84948,1403,"Trump"
20160320,32419,1592,"Clinton"
20160320,236834,494,"Trump"
20160320,350252,2148,"Clinton"
20160320,376291,3115,"Trump"
20160320,165039,2604,"Clinton"
20160321,165979,2604,"Clinton"
20160321,30221,1592,"Clinton"
20160321,229978,494,"Trump"
20160321,83215,1403,"Trump"
20160321,350305,2148,"Clinton"
20160321,376822,3115,"Trump"
20160322,377319,3115,"Trump"
20160322,81426,1403,"Trump"
20160322,350362,2148,"Clinton"
20160322,215228,494,"Trump"
20160322,166723,2604,"Clinton"
20160322,30039,1592,"Clinton"
20160323,312111,3115,"Trump"
20160323,80376,1403,"Trump"
20160323,350417,2148,"Clinton"
20160323,205663,494,"Trump"
20160323,167330,2604,"Clinton"
20160323,29164,1592,"Clinton"
20160324,167744,2604,"Clinton"
20160324,100209,3115,"Trump"
20160324,79598,1403,"Trump"
20160324,198402,494,"Trump"
20160324,350471,2148,"Clinton"
20160324,28792,1592,"Clinton"
20160325,168223,2604,"Clinton"
20160325,47730,1427,"Trump"
20160325,78537,1403,"Trump"
20160325,189978,494,"Trump"
20160325,350519,2148,"Clinton"
20160325,28531,1592,"Clinton"
20160326,27934,1592,"Clinton"
20160326,131186,2604,"Clinton"
20160326,46969,1427,"Trump"
20160326,77818,1403,"Trump"
20160326,183880,494,"Trump"
20160326,350554,2148,"Clinton"
20160327,174188,494,"Trump"
20160327,350598,2148,"Clinton"
20160327,27647,1592,"Clinton"
20160327,51304,2604,"Clinton"
20160327,46030,1427,"Trump"
20160327,76823,1403,"Trump"
20160328,44657,1427,"Trump"
20160328,76672,1403,"Trump"
20160328,164326,494,"Trump"
20160328,350635,2148,"Clinton"
20160328,27641,1592,"Clinton"
20160328,35850,2604,"Clinton"
20160329,29607,2604,"Clinton"
20160329,43283,1427,"Trump"
20160329,75848,1403,"Trump"
20160329,156932,494,"Trump"
20160329,350666,2148,"Clinton"
20160329,27226,1592,"Clinton"
20160330,26286,2604,"Clinton"
20160330,41394,1427,"Trump"
20160330,74947,1403,"Trump"
20160330,153237,494,"Trump"
20160330,350714,2148,"Clinton"
20160330,26800,1592,"Clinton"
20160331,24024,2604,"Clinton"
20160331,39160,1427,"Trump"
20160331,74173,1403,"Trump"
20160331,145405,494,"Trump"
20160331,350735,2148,"Clinton"
20160331,26156,1592,"Clinton"
20160401,350760,2148,"Clinton"
20160401,25710,1592,"Clinton"
20160401,22720,1857,"Clinton"
20160401,37191,1427,"Trump"
20160401,72734,1403,"Trump"
20160401,140391,494,"Trump"
20160402,36100,1427,"Trump"
20160402,72978,1403,"Trump"
20160402,134706,494,"Trump"
20160402,215215,2148,"Clinton"
20160402,25409,1592,"Clinton"
20160402,22741,1857,"Clinton"
20160403,72434,1403,"Trump"
20160403,33736,1427,"Trump"
20160403,128014,494,"Trump"
20160403,84570,2148,"Clinton"
20160403,25669,1592,"Clinton"
20160403,22862,1857,"Clinton"
20160404,23006,1857,"Clinton"
20160404,72426,1403,"Trump"
20160404,32705,1427,"Trump"
20160404,123886,494,"Trump"
20160404,33997,2148,"Clinton"
20160404,26222,1592,"Clinton"
20160405,23115,1857,"Clinton"
20160405,72511,1403,"Trump"
20160405,31913,1427,"Trump"
20160405,119334,494,"Trump"
20160405,19505,2604,"Clinton"
20160405,27084,1592,"Clinton"
20160406,27840,1592,"Clinton"
20160406,23155,1857,"Clinton"
20160406,71809,1403,"Trump"
20160406,31311,1427,"Trump"
20160406,114834,494,"Trump"
20160406,19247,2604,"Clinton"
20160407,30644,1427,"Trump"
20160407,28671,1592,"Clinton"
20160407,111162,494,"Trump"
20160407,18678,2604,"Clinton"
20160407,23143,1857,"Clinton"
20160407,70755,1403,"Trump"
20160408,29976,1427,"Trump"
20160408,28415,1592,"Clinton"
20160408,107426,494,"Trump"
20160408,18312,2604,"Clinton"
20160408,23100,1857,"Clinton"
20160408,70519,1403,"Trump"
20160409,70186,1403,"Trump"
20160409,29174,1427,"Trump"
20160409,25956,1592,"Clinton"
20160409,104008,494,"Trump"
20160409,17623,2604,"Clinton"
20160409,23113,1857,"Clinton"
20160410,23175,1857,"Clinton"
20160410,69803,1403,"Trump"
20160410,63357,2838,"Clinton"
20160410,28558,1427,"Trump"
20160410,22212,1592,"Clinton"
20160410,101894,494,"Trump"
20160411,23224,1857,"Clinton"
20160411,69305,1403,"Trump"
20160411,63605,2838,"Clinton"
20160411,28610,1427,"Trump"
20160411,21049,1592,"Clinton"
20160411,99165,494,"Trump"
20160412,96002,494,"Trump"
20160412,23325,1857,"Clinton"
20160412,68940,1403,"Trump"
20160412,63772,2838,"Clinton"
20160412,28788,1427,"Trump"
20160412,21032,1592,"Clinton"
20160413,63983,2838,"Clinton"
20160413,28779,1427,"Trump"
20160413,20844,1592,"Clinton"
20160413,92699,494,"Trump"
20160413,23363,1857,"Clinton"
20160413,68240,1403,"Trump"
20160414,68379,1403,"Trump"
20160414,64130,2838,"Clinton"
20160414,28728,1427,"Trump"
20160414,20755,1592,"Clinton"
20160414,90679,494,"Trump"
20160414,23348,1857,"Clinton"
20160415,23228,1857,"Clinton"
20160415,69815,1403,"Trump"
20160415,64245,2838,"Clinton"
20160415,28474,1427,"Trump"
20160415,88008,494,"Trump"
20160415,20508,2604,"Clinton"
20160416,23254,1857,"Clinton"
20160416,71007,1403,"Trump"
20160416,64374,2838,"Clinton"
20160416,28265,1427,"Trump"
20160416,86660,494,"Trump"
20160416,20712,2604,"Clinton"
20160417,21001,2604,"Clinton"
20160417,23245,1857,"Clinton"
20160417,71455,1403,"Trump"
20160417,64501,2838,"Clinton"
20160417,28036,1427,"Trump"
20160417,85555,494,"Trump"
20160418,64680,2838,"Clinton"
20160418,21036,2604,"Clinton"
20160418,84126,494,"Trump"
20160418,23321,1857,"Clinton"
20160418,28894,1427,"Trump"
20160418,71342,1403,"Trump"
20160419,65312,2838,"Clinton"
20160419,21425,2604,"Clinton"
20160419,72083,1403,"Trump"
20160419,83582,494,"Trump"
20160419,23486,1857,"Clinton"
20160419,30477,1427,"Trump"
20160420,23546,1857,"Clinton"
20160420,31486,1427,"Trump"
20160420,65802,2838,"Clinton"
20160420,82982,494,"Trump"
20160420,73899,1403,"Trump"
20160420,21066,2604,"Clinton"
20160421,83152,494,"Trump"
20160421,74982,1403,"Trump"
20160421,66007,2838,"Clinton"
20160421,36945,1592,"Clinton"
20160421,31940,1427,"Trump"
20160421,23524,1857,"Clinton"
20160422,153595,2400,"Trump"
20160422,84075,494,"Trump"
20160422,76836,1403,"Trump"
20160422,66131,2838,"Clinton"
20160422,40542,1592,"Clinton"
20160422,150675,2303,"Clinton"
20160423,153837,2400,"Trump"
20160423,85515,494,"Trump"
20160423,78275,1403,"Trump"
20160423,66236,2838,"Clinton"
20160423,40708,1592,"Clinton"
20160423,151069,2303,"Clinton"
20160424,154049,2400,"Trump"
20160424,88572,494,"Trump"
20160424,78664,1403,"Trump"
20160424,66364,2838,"Clinton"
20160424,40884,1592,"Clinton"
20160424,151463,2303,"Clinton"
20160425,41114,1592,"Clinton"
20160425,151876,2303,"Clinton"
20160425,154242,2400,"Trump"
20160425,89283,494,"Trump"
20160425,78859,1403,"Trump"
20160425,66519,2838,"Clinton"
20160426,66625,2838,"Clinton"
20160426,41152,1592,"Clinton"
20160426,152139,2303,"Clinton"
20160426,154627,2400,"Trump"
20160426,89565,494,"Trump"
20160426,79587,1403,"Trump"
20160427,154802,2400,"Trump"
20160427,90174,494,"Trump"
20160427,80832,1403,"Trump"
20160427,32463,2838,"Clinton"
20160427,40903,1592,"Clinton"
20160427,152396,2303,"Clinton"
20160428,18060,2604,"Clinton"
20160428,154968,2400,"Trump"
20160428,90228,494,"Trump"
20160428,82729,1403,"Trump"
20160428,40801,1592,"Clinton"
20160428,152572,2303,"Clinton"
20160429,17774,2604,"Clinton"
20160429,155208,2400,"Trump"
20160429,90579,494,"Trump"
20160429,86358,1403,"Trump"
20160429,40720,1592,"Clinton"
20160429,153387,2303,"Clinton"
20160430,153562,2303,"Clinton"
20160430,17364,2604,"Clinton"
20160430,155430,2400,"Trump"
20160430,87316,494,"Trump"
20160430,88116,1403,"Trump"
20160430,40578,1592,"Clinton"
20160501,40521,1592,"Clinton"
20160501,153764,2303,"Clinton"
20160501,17042,2604,"Clinton"
20160501,155614,2400,"Trump"
20160501,86890,494,"Trump"
20160501,88981,1403,"Trump"
20160502,155810,2400,"Trump"
20160502,86880,494,"Trump"
20160502,89059,1403,"Trump"
20160502,40597,1592,"Clinton"
20160502,154118,2303,"Clinton"
20160502,17641,2604,"Clinton"
20160503,17723,2604,"Clinton"
20160503,156217,2400,"Trump"
20160503,86969,494,"Trump"
20160503,89315,1403,"Trump"
20160503,40573,1592,"Clinton"
20160503,154317,2303,"Clinton"
20160504,18214,3136,"Clinton"
20160504,156493,2400,"Trump"
20160504,86922,494,"Trump"
20160504,90176,1403,"Trump"
20160504,40151,1592,"Clinton"
20160504,154517,2303,"Clinton"
20160505,18498,3136,"Clinton"
20160505,156709,2400,"Trump"
20160505,84052,494,"Trump"
20160505,91022,1403,"Trump"
20160505,39520,1592,"Clinton"
20160505,154690,2303,"Clinton"
20160506,38605,1592,"Clinton"
20160506,154872,2303,"Clinton"
20160506,18732,3136,"Clinton"
20160506,157636,2400,"Trump"
20160506,82210,494,"Trump"
20160506,97208,1403,"Trump"
20160507,80427,494,"Trump"
20160507,98957,1403,"Trump"
20160507,37796,1592,"Clinton"
20160507,155048,2303,"Clinton"
20160507,18789,3136,"Clinton"
20160507,158158,2400,"Trump"
20160508,18767,3136,"Clinton"
20160508,153564,2400,"Trump"
20160508,79318,494,"Trump"
20160508,99074,1403,"Trump"
20160508,36870,1592,"Clinton"
20160508,155222,2303,"Clinton"
20160509,150829,2400,"Trump"
20160509,78517,494,"Trump"
20160509,98809,1403,"Trump"
20160509,37120,1592,"Clinton"
20160509,155422,2303,"Clinton"
20160509,35487,1396,"Clinton"
20160510,35558,1396,"Clinton"
20160510,149975,2400,"Trump"
20160510,77521,494,"Trump"
20160510,98860,1403,"Trump"
20160510,37188,1592,"Clinton"
20160510,155466,2303,"Clinton"
20160511,36995,1592,"Clinton"
20160511,91934,2303,"Clinton"
20160511,35624,1396,"Clinton"
20160511,149862,2400,"Trump"
20160511,76059,494,"Trump"
20160511,99342,1403,"Trump"
20160512,36806,1592,"Clinton"
20160512,35320,2303,"Clinton"
20160512,35674,1396,"Clinton"
20160512,149851,2400,"Trump"
20160512,75252,494,"Trump"
20160512,100733,1403,"Trump"
20160513,149982,2400,"Trump"
20160513,74372,494,"Trump"
20160513,101888,1403,"Trump"
20160513,36615,1592,"Clinton"
20160513,33051,2303,"Clinton"
20160513,35702,1396,"Clinton"
20160514,149820,2400,"Trump"
20160514,73394,494,"Trump"
20160514,102074,1403,"Trump"
20160514,36483,1592,"Clinton"
20160514,31855,2303,"Clinton"
20160514,35746,1396,"Clinton"
20160515,35811,1396,"Clinton"
20160515,149769,2400,"Trump"
20160515,72118,494,"Trump"
20160515,101562,1403,"Trump"
20160515,36420,1592,"Clinton"
20160515,31121,2303,"Clinton"
20160516,106985,2634,"Clinton"
20160516,103816,2400,"Trump"
20160516,71594,494,"Trump"
20160516,441381,2787,"Clinton"
20160516,99776,1403,"Trump"
20160516,36541,1592,"Clinton"
20160517,36640,1592,"Clinton"
20160517,107131,2634,"Clinton"
20160517,56168,2400,"Trump"
20160517,71236,494,"Trump"
20160517,441988,2787,"Clinton"
20160517,98380,1403,"Trump"
20160518,37004,1592,"Clinton"
20160518,32030,1427,"Trump"
20160518,71007,494,"Trump"
20160518,442445,2787,"Clinton"
20160518,97738,1403,"Trump"
20160518,107286,2634,"Clinton"
20160519,97440,1403,"Trump"
20160519,107405,2634,"Clinton"
20160519,36698,1592,"Clinton"
20160519,30955,1427,"Trump"
20160519,70542,494,"Trump"
20160519,442813,2787,"Clinton"
20160520,29101,1427,"Trump"
20160520,69298,494,"Trump"
20160520,35995,1396,"Clinton"
20160520,443085,2787,"Clinton"
20160520,96447,1403,"Trump"
20160520,107457,2634,"Clinton"
20160521,27780,1427,"Trump"
20160521,68152,494,"Trump"
20160521,36032,1396,"Clinton"
20160521,443371,2787,"Clinton"
20160521,94818,1403,"Trump"
20160521,107536,2634,"Clinton"
20160522,27171,1427,"Trump"
20160522,67127,494,"Trump"
20160522,36093,1396,"Clinton"
20160522,444020,2787,"Clinton"
20160522,93350,1403,"Trump"
20160522,108148,2634,"Clinton"
20160523,27003,1427,"Trump"
20160523,65485,494,"Trump"
20160523,36151,1396,"Clinton"
20160523,445543,2787,"Clinton"
20160523,91441,1403,"Trump"
20160523,110600,2634,"Clinton"
20160524,90014,1403,"Trump"
20160524,111463,2634,"Clinton"
20160524,26951,1427,"Trump"
20160524,63346,494,"Trump"
20160524,36202,1396,"Clinton"
20160524,446519,2787,"Clinton"
20160525,34831,1396,"Clinton"
20160525,446997,2787,"Clinton"
20160525,89636,1403,"Trump"
20160525,111766,2634,"Clinton"
20160525,26834,1427,"Trump"
20160525,68443,494,"Trump"
20160526,447498,2787,"Clinton"
20160526,31612,3136,"Clinton"
20160526,26884,1427,"Trump"
20160526,68353,494,"Trump"
20160526,89046,1403,"Trump"
20160526,111953,2634,"Clinton"
20160527,447945,2787,"Clinton"
20160527,31789,3136,"Clinton"
20160527,26597,1427,"Trump"
20160527,69189,494,"Trump"
20160527,88298,1403,"Trump"
20160527,112057,2634,"Clinton"
20160528,448393,2787,"Clinton"
20160528,31950,3136,"Clinton"
20160528,26400,1427,"Trump"
20160528,68973,494,"Trump"
20160528,87241,1403,"Trump"
20160528,112164,2634,"Clinton"
20160529,85204,1403,"Trump"
20160529,112219,2634,"Clinton"
20160529,448638,2787,"Clinton"
20160529,32055,3136,"Clinton"
20160529,26835,1427,"Trump"
20160529,69493,494,"Trump"
20160530,81912,1403,"Trump"
20160530,112274,2634,"Clinton"
20160530,448897,2787,"Clinton"
20160530,32131,3136,"Clinton"
20160530,27076,1427,"Trump"
20160530,69728,494,"Trump"
20160531,27695,1427,"Trump"
20160531,69129,494,"Trump"
20160531,80629,1403,"Trump"
20160531,112478,2634,"Clinton"
20160531,449890,2787,"Clinton"
20160531,32391,3136,"Clinton"
20160601,441382,2787,"Clinton"
20160601,31823,3136,"Clinton"
20160601,68194,494,"Trump"
20160601,79501,1403,"Trump"
20160601,107891,2634,"Clinton"
20160601,118821,1570,"Trump"
20160602,24455,1588,"Clinton"
20160602,146787,2787,"Clinton"
20160602,68284,494,"Trump"
20160602,78913,1403,"Trump"
20160602,33721,2634,"Clinton"
20160602,119051,1570,"Trump"
20160603,119250,1570,"Trump"
20160603,24382,1588,"Clinton"
20160603,45915,2787,"Clinton"
20160603,67722,494,"Trump"
20160603,65013,1974,"Clinton"
20160603,78114,1403,"Trump"
20160604,65288,1974,"Clinton"
20160604,119469,1570,"Trump"
20160604,77708,1403,"Trump"
20160604,24294,1588,"Clinton"
20160604,29308,2787,"Clinton"
20160604,66883,494,"Trump"
20160605,65530,1974,"Clinton"
20160605,119728,1570,"Trump"
20160605,77196,1403,"Trump"
20160605,269282,2614,"Trump"
20160605,24304,1588,"Clinton"
20160605,24965,2787,"Clinton"
20160606,699564,1874,"Clinton"
20160606,65815,1974,"Clinton"
20160606,119990,1570,"Trump"
20160606,70862,1403,"Trump"
20160606,270488,2614,"Trump"
20160606,24304,1588,"Clinton"
20160607,270943,2614,"Trump"
20160607,285537,2053,"Clinton"
20160607,700618,1874,"Clinton"
20160607,66154,1974,"Clinton"
20160607,120252,1570,"Trump"
20160607,69829,1403,"Trump"
20160608,272137,2614,"Trump"
20160608,286456,2053,"Clinton"
20160608,701967,1874,"Clinton"
20160608,66389,1974,"Clinton"
20160608,120497,1570,"Trump"
20160608,69574,1403,"Trump"
20160609,69080,1403,"Trump"
20160609,273004,2614,"Trump"
20160609,1234570,2539,"Clinton"
20160609,287132,2053,"Clinton"
20160609,702854,1874,"Clinton"
20160609,120708,1570,"Trump"
20160610,703811,1874,"Clinton"
20160610,120898,1570,"Trump"
20160610,68280,1403,"Trump"
20160610,273383,2614,"Trump"
20160610,1235990,2539,"Clinton"
20160610,287814,2053,"Clinton"
20160611,288823,2053,"Clinton"
20160611,707040,1874,"Clinton"
20160611,121217,1570,"Trump"
20160611,67417,1403,"Trump"
20160611,273897,2614,"Trump"
20160611,1237715,2539,"Clinton"
20160612,274438,2614,"Trump"
20160612,1239140,2539,"Clinton"
20160612,65694,1403,"Trump"
20160612,289596,2053,"Clinton"
20160612,708102,1874,"Clinton"
20160612,121422,1570,"Trump"
20160613,121605,1570,"Trump"
20160613,1240556,2539,"Clinton"
20160613,64094,1403,"Trump"
20160613,290271,2053,"Clinton"
20160613,709481,1874,"Clinton"
20160613,274922,2614,"Trump"
20160614,275169,2614,"Trump"
20160614,121773,1570,"Trump"
20160614,1242343,2539,"Clinton"
20160614,63842,1403,"Trump"
20160614,290642,2053,"Clinton"
20160614,710353,1874,"Clinton"
20160615,1245352,2539,"Clinton"
20160615,275342,2614,"Trump"
20160615,121908,1570,"Trump"
20160615,290995,2053,"Clinton"
20160615,710940,1874,"Clinton"
20160615,63278,1403,"Trump"
20160616,1246795,2539,"Clinton"
20160616,275599,2614,"Trump"
20160616,122043,1570,"Trump"
20160616,291527,2053,"Clinton"
20160616,62998,494,"Trump"
20160616,711398,1874,"Clinton"
20160617,62193,1403,"Trump"
20160617,291959,2053,"Clinton"
20160617,711758,1874,"Clinton"
20160617,1247995,2539,"Clinton"
20160617,275757,2614,"Trump"
20160617,89908,1570,"Trump"
20160618,61421,494,"Trump"
20160618,61865,1403,"Trump"
20160618,292306,2053,"Clinton"
20160618,712069,1874,"Clinton"
20160618,1249171,2539,"Clinton"
20160618,275838,2614,"Trump"
20160619,60935,494,"Trump"
20160619,275944,2614,"Trump"
20160619,1250327,2539,"Clinton"
20160619,61234,1403,"Trump"
20160619,292607,2053,"Clinton"
20160619,712425,1874,"Clinton"
20160620,60676,494,"Trump"
20160620,276575,2614,"Trump"
20160620,1252341,2539,"Clinton"
20160620,60946,1403,"Trump"
20160620,292949,2053,"Clinton"
20160620,713065,1874,"Clinton"
20160621,60360,494,"Trump"
20160621,216509,2614,"Trump"
20160621,1253737,2539,"Clinton"
20160621,60966,1403,"Trump"
20160621,293325,2053,"Clinton"
20160621,713622,1874,"Clinton"
20160622,293643,2053,"Clinton"
20160622,649560,1874,"Clinton"
20160622,562554,2617,"Trump"
20160622,159788,2614,"Trump"
20160622,1254920,2539,"Clinton"
20160622,60889,1403,"Trump"
20160623,60653,1403,"Trump"
20160623,220140,2053,"Clinton"
20160623,448272,1874,"Clinton"
20160623,562602,2617,"Trump"
20160623,125714,2614,"Trump"
20160623,1255814,2539,"Clinton"
20160624,103301,2614,"Trump"
20160624,1256700,2539,"Clinton"
20160624,60426,1403,"Trump"
20160624,109868,1890,"Clinton"
20160624,224450,1874,"Clinton"
20160624,562838,2617,"Trump"
20160625,562880,2617,"Trump"
20160625,55709,2920,"Trump"
20160625,612100,2539,"Clinton"
20160625,59929,1403,"Trump"
20160625,109918,1890,"Clinton"
20160625,150782,1874,"Clinton"
20160626,562909,2617,"Trump"
20160626,55776,2920,"Trump"
20160626,208826,2539,"Clinton"
20160626,59650,1403,"Trump"
20160626,110001,1890,"Clinton"
20160626,119097,1874,"Clinton"
20160627,103059,1874,"Clinton"
20160627,562953,2617,"Trump"
20160627,55866,2920,"Trump"
20160627,122394,2539,"Clinton"
20160627,58983,1403,"Trump"
20160627,110104,1890,"Clinton"
20160628,58774,1403,"Trump"
20160628,110261,1890,"Clinton"
20160628,93184,1874,"Clinton"
20160628,563031,2617,"Trump"
20160628,55944,2920,"Trump"
20160628,84742,2539,"Clinton"
20160629,58618,1403,"Trump"
20160629,110389,1890,"Clinton"
20160629,88105,1874,"Clinton"
20160629,563100,2617,"Trump"
20160629,56008,2920,"Trump"
20160629,72296,2539,"Clinton"
20160630,563278,2617,"Trump"
20160630,56060,2920,"Trump"
20160630,60476,2539,"Clinton"
20160630,58311,1403,"Trump"
20160630,110484,1890,"Clinton"
20160630,84265,1874,"Clinton"
20160701,563328,2617,"Trump"
20160701,56091,2920,"Trump"
20160701,50414,2539,"Clinton"
20160701,58194,1403,"Trump"
20160701,110563,1890,"Clinton"
20160701,81084,1874,"Clinton"
20160702,563370,2617,"Trump"
20160702,56109,2920,"Trump"
20160702,46822,2539,"Clinton"
20160702,58404,1403,"Trump"
20160702,110566,1890,"Clinton"
20160702,78274,1874,"Clinton"
20160703,58947,1403,"Trump"
20160703,110576,1890,"Clinton"
20160703,70295,1874,"Clinton"
20160703,563506,2617,"Trump"
20160703,56043,2920,"Trump"
20160703,45814,2539,"Clinton"
20160704,60293,1403,"Trump"
20160704,110581,1890,"Clinton"
20160704,44439,1874,"Clinton"
20160704,563615,2617,"Trump"
20160704,55242,2920,"Trump"
20160704,44713,2539,"Clinton"
20160705,55187,2920,"Trump"
20160705,43328,2539,"Clinton"
20160705,61291,1403,"Trump"
20160705,110599,1890,"Clinton"
20160705,37952,1874,"Clinton"
20160705,563797,2617,"Trump"
20160706,563855,2617,"Trump"
20160706,42279,2539,"Clinton"
20160706,62116,1403,"Trump"
20160706,43541,494,"Trump"
20160706,37405,1256,"Clinton"
20160706,110650,1890,"Clinton"
20160707,563929,2617,"Trump"
20160707,41318,2539,"Clinton"
20160707,63015,1403,"Trump"
20160707,44418,494,"Trump"
20160707,38556,1256,"Clinton"
20160707,110747,1890,"Clinton"
20160708,39767,1256,"Clinton"
20160708,110884,1890,"Clinton"
20160708,564078,2617,"Trump"
20160708,40530,2539,"Clinton"
20160708,62528,1403,"Trump"
20160708,44908,494,"Trump"
20160709,62541,1403,"Trump"
20160709,45331,494,"Trump"
20160709,110981,1890,"Clinton"
20160709,40546,1256,"Clinton"
20160709,409261,2617,"Trump"
20160709,39881,2539,"Clinton"
20160710,39549,2539,"Clinton"
20160710,62942,1403,"Trump"
20160710,111159,1890,"Clinton"
20160710,41445,1256,"Clinton"
20160710,260859,2617,"Trump"
20160710,45641,494,"Trump"
20160711,111375,1890,"Clinton"
20160711,42682,1256,"Clinton"
20160711,64604,1403,"Trump"
20160711,185048,2617,"Trump"
20160711,45755,494,"Trump"
20160711,562353,2650,"Clinton"
20160712,583346,2650,"Clinton"
20160712,44153,1256,"Clinton"
20160712,111517,1890,"Clinton"
20160712,175730,2474,"Trump"
20160712,68677,1403,"Trump"
20160712,107792,2617,"Trump"
20160713,70289,1403,"Trump"
20160713,48347,494,"Trump"
20160713,111650,1890,"Clinton"
20160713,46965,1256,"Clinton"
20160713,606648,2650,"Clinton"
20160713,228681,2474,"Trump"
20160714,38432,2539,"Clinton"
20160714,272893,2474,"Trump"
20160714,71154,1403,"Trump"
20160714,69096,494,"Trump"
20160714,39479,1256,"Clinton"
20160714,672650,2650,"Clinton"
20160715,37222,2539,"Clinton"
20160715,291668,2474,"Trump"
20160715,2315568,3145,"Trump"
20160715,74227,494,"Trump"
20160715,34229,1256,"Clinton"
20160715,697365,2650,"Clinton"
20160716,711705,2650,"Clinton"
20160716,72840,1403,"Trump"
20160716,34724,2539,"Clinton"
20160716,2315654,3145,"Trump"
20160716,76282,494,"Trump"
20160716,34697,1874,"Clinton"
20160717,117361,1443,"Clinton"
20160717,724270,2650,"Clinton"
20160717,272893,1246,"Clinton"
20160717,325659,2474,"Trump"
20160717,2315721,3145,"Trump"
20160717,78225,494,"Trump"
20160718,80262,494,"Trump"
20160718,117438,1443,"Clinton"
20160718,736993,2650,"Clinton"
20160718,273307,1246,"Clinton"
20160718,327582,2474,"Trump"
20160718,2315771,3145,"Trump"
20160719,2315825,3145,"Trump"
20160719,81446,494,"Trump"
20160719,117524,1443,"Clinton"
20160719,752248,2650,"Clinton"
20160719,274004,1246,"Clinton"
20160719,328935,2474,"Trump"
20160720,274718,1246,"Clinton"
20160720,330494,2474,"Trump"
20160720,2315890,3145,"Trump"
20160720,82138,494,"Trump"
20160720,117585,1443,"Clinton"
20160720,765528,2650,"Clinton"
20160721,774013,2650,"Clinton"
20160721,275934,1246,"Clinton"
20160721,331969,2474,"Trump"
20160721,2315959,3145,"Trump"
20160721,82555,494,"Trump"
20160721,117637,1443,"Clinton"
20160722,117676,1443,"Clinton"
20160722,181494,2913,"Trump"
20160722,779328,2650,"Clinton"
20160722,276868,1246,"Clinton"
20160722,332535,2474,"Trump"
20160722,2316022,3145,"Trump"
20160723,117717,1443,"Clinton"
20160723,185524,2913,"Trump"
20160723,783936,2650,"Clinton"
20160723,277628,1246,"Clinton"
20160723,332625,2474,"Trump"
20160723,2316081,3145,"Trump"
20160724,2316115,3145,"Trump"
20160724,117746,1443,"Clinton"
20160724,186502,2913,"Trump"
20160724,788037,2650,"Clinton"
20160724,278202,1246,"Clinton"
20160724,332956,2474,"Trump"
20160725,278697,1246,"Clinton"
20160725,333276,2474,"Trump"
20160725,2316152,3145,"Trump"
20160725,311119,3049,"Trump"
20160725,117772,1443,"Clinton"
20160725,793036,2650,"Clinton"
20160726,279120,1246,"Clinton"
20160726,333839,2474,"Trump"
20160726,2316177,3145,"Trump"
20160726,311131,3049,"Trump"
20160726,117796,1443,"Clinton"
20160726,798745,2650,"Clinton"
20160727,117818,1443,"Clinton"
20160727,802365,2650,"Clinton"
20160727,279458,1246,"Clinton"
20160727,334168,2474,"Trump"
20160727,2316210,3145,"Trump"
20160727,311140,3049,"Trump"
20160728,311147,3049,"Trump"
20160728,117831,1443,"Clinton"
20160728,805074,2650,"Clinton"
20160728,279856,1246,"Clinton"
20160728,334313,2474,"Trump"
20160728,2316244,3145,"Trump"
20160729,311154,3049,"Trump"
20160729,117862,1443,"Clinton"
20160729,807580,2650,"Clinton"
20160729,280245,1246,"Clinton"
20160729,334422,2474,"Trump"
20160729,2316273,3145,"Trump"
20160730,2316297,3145,"Trump"
20160730,311164,3049,"Trump"
20160730,117887,1443,"Clinton"
20160730,631172,2650,"Clinton"
20160730,280798,1246,"Clinton"
20160730,334505,2474,"Trump"
20160731,281404,1246,"Clinton"
20160731,334601,2474,"Trump"
20160731,2304996,3145,"Trump"
20160731,311171,3049,"Trump"
20160731,117912,1443,"Clinton"
20160731,488742,2650,"Clinton"
20160801,431594,2650,"Clinton"
20160801,281739,1246,"Clinton"
20160801,334676,2474,"Trump"
20160801,2110359,3145,"Trump"
20160801,311187,3049,"Trump"
20160801,117931,1443,"Clinton"
20160802,394497,2650,"Clinton"
20160802,117472,1443,"Clinton"
20160802,282040,1246,"Clinton"
20160802,334743,2474,"Trump"
20160802,1952449,3145,"Trump"
20160802,311203,3049,"Trump"
20160803,311225,3049,"Trump"
20160803,379132,2650,"Clinton"
20160803,85953,1246,"Clinton"
20160803,334398,2474,"Trump"
20160803,1758855,3145,"Trump"
20160803,570955,1056,"Clinton"
20160804,1571801,3145,"Trump"
20160804,572627,1056,"Clinton"
20160804,311232,3049,"Trump"
20160804,365772,2650,"Clinton"
20160804,45011,1324,"Clinton"
20160804,334213,2474,"Trump"
20160805,333919,2474,"Trump"
20160805,483867,3145,"Trump"
20160805,574198,1056,"Clinton"
20160805,311241,3049,"Trump"
20160805,350184,2650,"Clinton"
20160805,42684,1324,"Clinton"
20160806,333797,2474,"Trump"
20160806,212103,3145,"Trump"
20160806,575693,1056,"Clinton"
20160806,311242,3049,"Trump"
20160806,331671,2650,"Clinton"
20160806,40812,1324,"Clinton"
20160807,39167,1324,"Clinton"
20160807,333877,2474,"Trump"
20160807,577562,1056,"Clinton"
20160807,191462,2913,"Trump"
20160807,311248,3049,"Trump"
20160807,321791,2650,"Clinton"
20160808,311253,3049,"Trump"
20160808,314785,2650,"Clinton"
20160808,36079,1324,"Clinton"
20160808,333835,2474,"Trump"
20160808,579083,1056,"Clinton"
20160808,190886,2913,"Trump"
20160809,190858,2913,"Trump"
20160809,580420,1056,"Clinton"
20160809,311254,3049,"Trump"
20160809,306446,2650,"Clinton"
20160809,34716,1324,"Clinton"
20160809,333738,2474,"Trump"
20160810,175535,2913,"Trump"
20160810,582495,1056,"Clinton"
20160810,265942,3049,"Trump"
20160810,293753,2650,"Clinton"
20160810,34542,1311,"Clinton"
20160810,308472,2474,"Trump"
20160811,145913,2913,"Trump"
20160811,585320,1056,"Clinton"
20160811,197016,3049,"Trump"
20160811,269204,2650,"Clinton"
20160811,34583,1311,"Clinton"
20160811,295194,2474,"Trump"
20160812,34620,1311,"Clinton"
20160812,160162,2474,"Trump"
20160812,93503,2913,"Trump"
20160812,588455,1056,"Clinton"
20160812,142130,3049,"Trump"
20160812,250688,2650,"Clinton"
20160813,590473,1056,"Clinton"
20160813,91265,3049,"Trump"
20160813,229706,2650,"Clinton"
20160813,79034,1403,"Trump"
20160813,34649,1311,"Clinton"
20160813,107228,2474,"Trump"
20160814,592090,1056,"Clinton"
20160814,165759,2650,"Clinton"
20160814,82133,1403,"Trump"
20160814,34678,1311,"Clinton"
20160814,63035,2474,"Trump"
20160814,55757,494,"Trump"
20160815,51892,494,"Trump"
20160815,593331,1056,"Clinton"
20160815,143944,2650,"Clinton"
20160815,82024,1403,"Trump"
20160815,34698,1311,"Clinton"
20160815,44279,2474,"Trump"
20160816,51998,494,"Trump"
20160816,28579,1376,"Trump"
20160816,594375,1056,"Clinton"
20160816,131150,2650,"Clinton"
20160816,84163,1403,"Trump"
20160816,34722,1311,"Clinton"
20160817,34739,1311,"Clinton"
20160817,51687,494,"Trump"
20160817,28630,1376,"Trump"
20160817,595407,1056,"Clinton"
20160817,138447,2650,"Clinton"
20160817,86656,1403,"Trump"
20160818,129610,2650,"Clinton"
20160818,88430,1403,"Trump"
20160818,34744,1311,"Clinton"
20160818,50697,494,"Trump"
20160818,28707,1376,"Trump"
20160818,596253,1056,"Clinton"
20160819,597041,1056,"Clinton"
20160819,116257,2650,"Clinton"
20160819,92638,1403,"Trump"
20160819,25737,1311,"Clinton"
20160819,50931,494,"Trump"
20160819,28784,1376,"Trump"
20160820,51154,494,"Trump"
20160820,28834,1376,"Trump"
20160820,541273,1056,"Clinton"
20160820,104595,2650,"Clinton"
20160820,96680,1403,"Trump"
20160820,24578,2355,"Clinton"
20160821,52343,494,"Trump"
20160821,28894,1376,"Trump"
20160821,436660,1056,"Clinton"
20160821,99322,2650,"Clinton"
20160821,101174,1403,"Trump"
20160821,24624,2355,"Clinton"
20160822,488580,3213,"Trump"
20160822,53808,2528,"Clinton"
20160822,776407,3001,"Trump"
20160822,586119,1544,"Trump"
20160822,318165,1056,"Clinton"
20160822,105777,2650,"Clinton"
20160823,111510,2650,"Clinton"
20160823,55166,2528,"Clinton"
20160823,53074,494,"Trump"
20160823,25255,1376,"Trump"
20160823,111225,1403,"Trump"
20160823,197366,1056,"Clinton"
20160824,122851,1403,"Trump"
20160824,114120,1056,"Clinton"
20160824,111095,2650,"Clinton"
20160824,55385,2528,"Clinton"
20160824,116717,3169,"Trump"
20160824,289953,958,"Trump"
20160825,87736,1056,"Clinton"
20160825,488581,3213,"Trump"
20160825,108800,2650,"Clinton"
20160825,776410,3001,"Trump"
20160825,391911,1561,"Clinton"
20160825,586124,1544,"Trump"
20160826,71540,1056,"Clinton"
20160826,488581,3213,"Trump"
20160826,105697,2650,"Clinton"
20160826,776411,3001,"Trump"
20160826,392814,1561,"Clinton"
20160826,586125,1544,"Trump"
20160827,586127,1544,"Trump"
20160827,69562,1976,"Clinton"
20160827,488581,3213,"Trump"
20160827,104410,2650,"Clinton"
20160827,776411,3001,"Trump"
20160827,393478,1561,"Clinton"
20160828,776412,3001,"Trump"
20160828,394094,1561,"Clinton"
20160828,586127,1544,"Trump"
20160828,70002,1976,"Clinton"
20160828,488581,3213,"Trump"
20160828,104185,2650,"Clinton"
20160829,488581,3213,"Trump"
20160829,104338,2650,"Clinton"
20160829,776412,3001,"Trump"
20160829,394831,1561,"Clinton"
20160829,586128,1544,"Trump"
20160829,70472,1976,"Clinton"
20160830,70829,1976,"Clinton"
20160830,104522,2650,"Clinton"
20160830,776412,3001,"Trump"
20160830,395534,1561,"Clinton"
20160830,586128,1544,"Trump"
20160830,550082,3169,"Trump"
20160831,613352,3169,"Trump"
20160831,71149,1976,"Clinton"
20160831,105304,2650,"Clinton"
20160831,776413,3001,"Trump"
20160831,396158,1561,"Clinton"
20160831,586128,1544,"Trump"
20160901,586128,1544,"Trump"
20160901,674251,3169,"Trump"
20160901,71395,1976,"Clinton"
20160901,105907,2650,"Clinton"
20160901,776415,3001,"Trump"
20160901,396627,1561,"Clinton"
20160902,586129,1544,"Trump"
20160902,397179,1561,"Clinton"
20160902,731376,3169,"Trump"
20160902,71654,1976,"Clinton"
20160902,106042,2650,"Clinton"
20160902,776415,3001,"Trump"
20160903,106572,2650,"Clinton"
20160903,776415,3001,"Trump"
20160903,397824,1561,"Clinton"
20160903,586129,1544,"Trump"
20160903,788318,3169,"Trump"
20160903,71928,1976,"Clinton"
20160904,140358,2675,"Clinton"
20160904,776415,3001,"Trump"
20160904,848875,3169,"Trump"
20160904,398435,1561,"Clinton"
20160904,586129,1544,"Trump"
20160904,592054,2083,"Clinton"
20160905,141645,2675,"Clinton"
20160905,776418,3001,"Trump"
20160905,912600,3169,"Trump"
20160905,398935,1561,"Clinton"
20160905,586131,1544,"Trump"
20160905,592797,2083,"Clinton"
20160906,587551,1544,"Trump"
20160906,399373,1561,"Clinton"
20160906,593165,2083,"Clinton"
20160906,777379,3001,"Trump"
20160906,970049,3169,"Trump"
20160906,143361,2675,"Clinton"
20160907,143884,2675,"Clinton"
20160907,587871,1544,"Trump"
20160907,406819,1561,"Clinton"
20160907,593451,2083,"Clinton"
20160907,778672,3001,"Trump"
20160907,972727,3169,"Trump"
20160908,972981,3169,"Trump"
20160908,147786,2675,"Clinton"
20160908,588003,1544,"Trump"
20160908,410412,1561,"Clinton"
20160908,594005,2083,"Clinton"
20160908,779218,3001,"Trump"
20160909,779648,3001,"Trump"
20160909,970289,3169,"Trump"
20160909,588100,1544,"Trump"
20160909,164555,2650,"Clinton"
20160909,412255,1561,"Clinton"
20160909,594342,2083,"Clinton"
20160910,779983,3001,"Trump"
20160910,969601,3169,"Trump"
20160910,588192,1544,"Trump"
20160910,181373,2650,"Clinton"
20160910,413302,1561,"Clinton"
20160910,594667,2083,"Clinton"
20160911,287336,1561,"Clinton"
20160911,595054,2083,"Clinton"
20160911,755652,3001,"Trump"
20160911,969043,3169,"Trump"
20160911,520403,1544,"Trump"
20160911,204738,2650,"Clinton"
20160912,452308,1544,"Trump"
20160912,218744,2650,"Clinton"
20160912,595385,2083,"Clinton"
20160912,153920,2675,"Clinton"
20160912,656048,3001,"Trump"
20160912,969778,3169,"Trump"
20160913,969968,3169,"Trump"
20160913,397770,1544,"Trump"
20160913,237826,2650,"Clinton"
20160913,595758,2083,"Clinton"
20160913,154768,2675,"Clinton"
20160913,574092,3001,"Trump"
20160914,503533,3001,"Trump"
20160914,969715,3169,"Trump"
20160914,358190,1544,"Trump"
20160914,245900,2650,"Clinton"
20160914,596165,2083,"Clinton"
20160914,155434,2675,"Clinton"
20160915,435399,3001,"Trump"
20160915,969534,3169,"Trump"
20160915,316815,1544,"Trump"
20160915,252572,2650,"Clinton"
20160915,596431,2083,"Clinton"
20160915,156078,2675,"Clinton"
20160916,596730,2083,"Clinton"
20160916,156510,2675,"Clinton"
20160916,363995,3001,"Trump"
20160916,969328,3169,"Trump"
20160916,270637,1544,"Trump"
20160916,257487,2650,"Clinton"
20160917,219212,1544,"Trump"
20160917,242616,2650,"Clinton"
20160917,597085,2083,"Clinton"
20160917,157050,2675,"Clinton"
20160917,292202,3001,"Trump"
20160917,969409,3169,"Trump"
20160918,969548,3169,"Trump"
20160918,243886,2650,"Clinton"
20160918,214420,918,"Trump"
20160918,597417,2083,"Clinton"
20160918,157789,2675,"Clinton"
20160918,228044,3001,"Trump"
20160919,185421,1403,"Trump"
20160919,216225,918,"Trump"
20160919,969642,3169,"Trump"
20160919,247616,2650,"Clinton"
20160919,597723,2083,"Clinton"
20160919,158758,2675,"Clinton"
20160920,255619,3170,"Trump"
20160920,969824,3169,"Trump"
20160920,255807,2650,"Clinton"
20160920,597948,2083,"Clinton"
20160920,187955,2675,"Clinton"
20160920,259981,1174,"Trump"
20160921,597946,2083,"Clinton"
20160921,3351374,2381,"Clinton"
20160921,259981,1174,"Trump"
20160921,255619,3170,"Trump"
20160921,969726,3169,"Trump"
20160921,252595,2650,"Clinton"
20160922,380488,2083,"Clinton"
20160922,3351374,2381,"Clinton"
20160922,259981,1174,"Trump"
20160922,255619,3170,"Trump"
20160922,969585,3169,"Trump"
20160922,240825,2650,"Clinton"
20160923,256932,1019,"Trump"
20160923,89519,2083,"Clinton"
20160923,3351374,2381,"Clinton"
20160923,259981,1174,"Trump"
20160923,925122,3169,"Trump"
20160923,230484,2650,"Clinton"
20160924,860813,3169,"Trump"
20160924,226798,2650,"Clinton"
20160924,3351374,2381,"Clinton"
20160924,259979,1174,"Trump"
20160924,255619,3170,"Trump"
20160924,74307,2202,"Clinton"
20160925,69759,2202,"Clinton"
20160925,792023,3169,"Trump"
20160925,224094,2650,"Clinton"
20160925,256932,1019,"Trump"
20160925,3351374,2381,"Clinton"
20160925,259979,1174,"Trump"
20160926,3351374,2381,"Clinton"
20160926,259978,1174,"Trump"
20160926,62028,2202,"Clinton"
20160926,719477,3169,"Trump"
20160926,221488,2650,"Clinton"
20160926,256932,1019,"Trump"
20160927,3351374,2381,"Clinton"
20160927,259978,1174,"Trump"
20160927,286721,2405,"Clinton"
20160927,644458,3169,"Trump"
20160927,219152,2650,"Clinton"
20160927,256932,1019,"Trump"
20160928,256932,1019,"Trump"
20160928,3351374,2381,"Clinton"
20160928,259978,1174,"Trump"
20160928,286721,2405,"Clinton"
20160928,557126,3169,"Trump"
20160928,216656,2650,"Clinton"
20160929,493344,3169,"Trump"
20160929,213760,2650,"Clinton"
20160929,256932,1019,"Trump"
20160929,3351374,2381,"Clinton"
20160929,259978,1174,"Trump"
20160929,286721,2405,"Clinton"
20160930,286721,2405,"Clinton"
20160930,427448,3169,"Trump"
20160930,211253,2650,"Clinton"
20160930,256932,1019,"Trump"
20160930,3351374,2381,"Clinton"
20160930,259978,1174,"Trump"
20161001,286721,2405,"Clinton"
20161001,364178,3169,"Trump"
20161001,259978,1174,"Trump"
20161001,208740,2650,"Clinton"
20161001,256932,1019,"Trump"
20161001,3351374,2381,"Clinton"
20161002,3351374,2381,"Clinton"
20161002,286721,2405,"Clinton"
20161002,303279,3169,"Trump"
20161002,259978,1174,"Trump"
20161002,206385,2650,"Clinton"
20161002,256932,1019,"Trump"
20161003,204736,2650,"Clinton"
20161003,3351374,2381,"Clinton"
20161003,286721,2405,"Clinton"
20161003,259978,1174,"Trump"
20161003,255619,3170,"Trump"
20161003,256932,1019,"Trump"
20161004,256932,1019,"Trump"
20161004,3351374,2381,"Clinton"
20161004,202710,2650,"Clinton"
20161004,286721,2405,"Clinton"
20161004,259978,1174,"Trump"
20161004,255619,3170,"Trump"
20161005,259978,1174,"Trump"
20161005,255619,3170,"Trump"
20161005,256932,1019,"Trump"
20161005,3351374,2381,"Clinton"
20161005,200110,2650,"Clinton"
20161005,286721,2405,"Clinton"
